Name,MAE,RMSE,R2
Global Model,2.5150042052180055,3.4468389737394167,0.9980056149093238
Uppal SPCB,4.084906370597974,5.5467403573042775,0.9939686083503131
US Consulate,3.025585058279205,4.471604176170604,0.9931138112507011
Sanathnagar SPCB,4.74844745585793,6.379746805271141,0.9933175003292196
Zoo Park SPCB,4.364586165913364,6.5557183468677085,0.9898454259657673
HITEC City,3.7070232219675106,5.321610021326455,0.9929292703841615
IDA Pashamylaram SPCB,5.83540000036179,7.412616547675149,0.9915028373484356
Balanagar SPCB,4.8488767881424835,6.506640272132873,0.9931274611583855
