Date,Year,Month,Day,DayOfWeek,Station,AQI,AQI_Category,PM2.5,PM10,NO2,SO2,O3,CO,Temperature,Humidity,Wind_Speed,Rainfall
2026-03-10,2026,3,10,1,Balanagar SPCB,340.0,Very Poor,296.0,340.0,30.8,5.4,3.5,0.1,26.29,111.0,0.04,0.0
2026-03-10,2026,3,10,1,HITEC City,70.0,Satisfactory,70.0,22.0,10.1,,25.2,,15.8,87.4,0.3,0.0
2026-03-10,2026,3,10,1,IDA Pashamylaram SPCB,122.0,Moderate,122.0,50.0,2.4,9.2,6.8,9.4,19.9,64.0,0.2,0.0
2026-03-10,2026,3,10,1,Sanathnagar SPCB,80.0,Satisfactory,80.0,,7.3,4.4,7.3,8.5,21.8,45.0,0.8,0.0
2026-03-10,2026,3,10,1,US Consulate,93.0,Satisfactory,93.0,,,,,,35.0,16.0,1.8,0.0
2026-03-10,2026,3,10,1,Uppal SPCB,97.0,Satisfactory,97.0,43.0,33.9,3.6,10.8,4.8,,,,0.0
2026-03-10,2026,3,10,1,Zoo Park SPCB,139.0,Moderate,139.0,82.0,4.3,1.5,10.5,4.4,28.5,48.0,0.7,0.0
2026-03-11,2026,3,11,2,Balanagar SPCB,195.0,Moderate,195.0,153.0,36.6,6.1,1.8,0.1,24.315,111.0,0.145,0.0
2026-03-11,2026,3,11,2,HITEC City,70.0,Satisfactory,70.0,22.0,10.1,,25.2,,15.8,87.4,0.3,0.0
2026-03-11,2026,3,11,2,IDA Pashamylaram SPCB,113.0,Moderate,113.0,46.0,2.6,3.3,7.5,6.9,27.366666666666664,70.0,1.5666666666666669,0.0
2026-03-11,2026,3,11,2,Sanathnagar SPCB,68.0,Satisfactory,68.0,,8.7,4.2,5.4,9.0,24.866666666666664,46.0,0.8666666666666667,0.0
2026-03-11,2026,3,11,2,US Consulate,93.0,Satisfactory,93.0,,,,,,35.0,16.0,1.8,0.0
2026-03-11,2026,3,11,2,Uppal SPCB,147.0,Moderate,147.0,57.0,27.2,4.2,24.3,6.6,,,,0.0
2026-03-11,2026,3,11,2,Zoo Park SPCB,77.0,Satisfactory,77.0,52.0,2.0,3.6,9.0,1.8,922.4333333333334,53.333333333333336,0.6333333333333333,0.0
2026-03-16,2026,3,16,0,Balanagar SPCB,179.0,Moderate,179.0,122.0,21.3,6.9,7.3,0.1,21.53,90.0,1.39,0.0
2026-03-16,2026,3,16,0,HITEC City,70.0,Satisfactory,70.0,22.0,10.1,,25.2,,15.8,87.4,0.3,0.0
2026-03-16,2026,3,16,0,IDA Pashamylaram SPCB,70.0,Satisfactory,70.0,25.0,2.4,6.4,6.8,12.0,20.35,66.0,1.5,0.0
2026-03-16,2026,3,16,0,Sanathnagar SPCB,57.0,Satisfactory,57.0,,3.1,2.2,6.5,7.8,21.75,46.5,1.4,0.0
2026-03-16,2026,3,16,0,US Consulate,93.0,Satisfactory,93.0,,,,,,35.0,16.0,1.8,0.0
2026-03-16,2026,3,16,0,Uppal SPCB,154.0,Moderate,154.0,63.0,25.5,2.9,22.0,7.0,,,,0.0
2026-03-16,2026,3,16,0,Zoo Park SPCB,110.0,Moderate,110.0,69.0,3.4,0.7,9.8,14.9,28.75,46.0,1.2000000000000002,0.0
2026-03-17,2026,3,17,1,Balanagar SPCB,180.0,Moderate,84.0,128.5,22.4,6.4,4.6,0.1,19.795,90.0,0.04,0.0
2026-03-17,2026,3,17,1,HITEC City,70.0,Satisfactory,42.0,22.0,10.1,0.0,25.2,0.0,15.8,87.4,0.3,0.0
2026-03-17,2026,3,17,1,IDA Pashamylaram SPCB,102.0,Moderate,60.6,41.0,2.3,0.7,6.5,0.7,27.933333333333334,73.33333333333333,3.1333333333333333,0.0
2026-03-17,2026,3,17,1,Sanathnagar SPCB,42.0,Good,25.2,0.0,1.6,0.9,7.2,7.0,23.266666666666666,76.0,2.3000000000000003,0.0
2026-03-17,2026,3,17,1,US Consulate,93.0,Satisfactory,55.8,0.0,0.0,0.0,0.0,0.0,35.0,16.0,1.8,0.0
2026-03-17,2026,3,17,1,Uppal SPCB,149.0,Moderate,74.7,65.0,33.8,4.6,12.5,6.7,25.0,50.0,5.0,0.0
2026-03-17,2026,3,17,1,Zoo Park SPCB,53.0,Satisfactory,31.8,28.0,2.5,0.8,9.7,11.4,30.5,83.66666666666667,1.9,0.0
2026-03-18,2026,3,18,2,Balanagar SPCB,160.0,Moderate,78.0,59.0,19.2,7.4,5.7,0.1,21.24,90.0,0.73,0.0
2026-03-18,2026,3,18,2,HITEC City,70.0,Satisfactory,42.0,22.0,10.1,0.0,25.2,0.0,15.8,87.4,0.3,0.0
2026-03-18,2026,3,18,2,IDA Pashamylaram SPCB,100.0,Satisfactory,60.0,41.0,2.1,6.3,6.1,5.7,26.566666666666663,99.66666666666669,0.2,0.0
2026-03-18,2026,3,18,2,Sanathnagar SPCB,90.0,Satisfactory,54.0,0.0,5.6,3.4,6.4,8.4,22.366666666666664,66.0,0.5333333333333333,0.0
2026-03-18,2026,3,18,2,US Consulate,93.0,Satisfactory,55.8,0.0,0.0,0.0,0.0,0.0,35.0,16.0,1.8,0.0
2026-03-18,2026,3,18,2,Uppal SPCB,55.0,Satisfactory,33.0,46.0,17.0,4.2,28.4,4.0,25.0,50.0,5.0,0.0
2026-03-18,2026,3,18,2,Zoo Park SPCB,88.0,Satisfactory,52.8,57.0,3.6,0.7,10.2,2.2,29.899999999999995,72.33333333333333,0.6666666666666666,0.0
2026-03-19,2026,3,19,3,Balanagar SPCB,74.0,Satisfactory,44.4,42.0,22.5,7.0,0.9,0.1,16.945,78.56,0.27,0.0
2026-03-19,2026,3,19,3,HITEC City,70.0,Satisfactory,42.0,22.0,10.1,0.0,25.2,0.0,15.8,87.4,0.3,0.0
2026-03-19,2026,3,19,3,IDA Pashamylaram SPCB,50.0,Good,30.0,14.0,2.1,0.6,6.0,0.7,28.1,85.5,0.25,0.0
2026-03-19,2026,3,19,3,Sanathnagar SPCB,60.0,Satisfactory,36.0,0.0,9.1,5.4,6.4,7.9,22.75,63.5,0.55,0.0
2026-03-19,2026,3,19,3,US Consulate,93.0,Satisfactory,55.8,0.0,0.0,0.0,0.0,0.0,35.0,16.0,1.8,0.0
2026-03-19,2026,3,19,3,Uppal SPCB,76.0,Satisfactory,45.6,34.0,31.7,3.9,11.9,4.0,25.0,50.0,5.0,0.0
2026-03-19,2026,3,19,3,Zoo Park SPCB,44.0,Good,26.4,24.0,2.7,0.8,10.2,4.5,31.45,73.0,0.9,0.0
2026-03-20,2026,3,20,4,Balanagar SPCB,114.0,Moderate,64.2,60.0,24.0,7.1,0.5,0.1,15.19,78.56,0.0766666666666666,0.0
2026-03-20,2026,3,20,4,HITEC City,70.0,Satisfactory,42.0,22.0,10.1,0.0,25.2,0.0,15.8,87.4,0.3,0.0
2026-03-20,2026,3,20,4,IDA Pashamylaram SPCB,93.0,Satisfactory,55.8,37.0,2.1,3.2,6.1,11.5,28.866666666666664,99.0,0.2,0.0
2026-03-20,2026,3,20,4,Sanathnagar SPCB,58.0,Satisfactory,34.8,0.0,8.2,4.9,7.1,8.7,24.366666666666664,63.0,0.3333333333333333,0.0
2026-03-20,2026,3,20,4,US Consulate,93.0,Satisfactory,55.8,0.0,0.0,0.0,0.0,0.0,35.0,16.0,1.8,0.0
2026-03-20,2026,3,20,4,Uppal SPCB,122.0,Moderate,66.6,54.0,33.9,3.9,2.0,7.9,25.0,50.0,5.0,0.0
2026-03-20,2026,3,20,4,Zoo Park SPCB,88.0,Satisfactory,52.8,57.0,3.0,0.8,9.5,1.3,28.766666666666666,72.66666666666667,0.2666666666666666,0.0
2026-03-21,2026,3,21,5,Balanagar SPCB,153.0,Moderate,75.9,71.0,20.1,3.4,2.9,0.1,17.35,88.9275,0.23,0.0
2026-03-21,2026,3,21,5,HITEC City,70.0,Satisfactory,42.0,22.0,10.1,0.0,25.2,0.0,15.8,87.4,0.3,0.0
2026-03-21,2026,3,21,5,IDA Pashamylaram SPCB,122.0,Moderate,66.6,50.0,2.2,3.4,6.2,4.6,25.933333333333334,89.33333333333333,0.2666666666666666,0.0
2026-03-21,2026,3,21,5,Sanathnagar SPCB,75.0,Satisfactory,45.0,0.0,13.4,8.3,6.2,7.5,22.23333333333333,67.66666666666667,0.4000000000000001,0.0
2026-03-21,2026,3,21,5,US Consulate,93.0,Satisfactory,55.8,0.0,0.0,0.0,0.0,0.0,35.0,16.0,1.8,0.0
2026-03-21,2026,3,21,5,Uppal SPCB,99.0,Satisfactory,59.4,45.0,29.4,3.6,4.1,6.5,25.0,50.0,5.0,0.0
2026-03-21,2026,3,21,5,Zoo Park SPCB,68.0,Satisfactory,40.8,43.0,2.6,0.6,9.4,3.7,28.766666666666666,73.0,0.3999999999999999,0.0
2026-03-22,2026,3,22,6,Balanagar SPCB,160.0,Moderate,78.0,119.5,20.8,6.3,2.0,0.1,20.385,90.0,0.04,0.0
2026-03-22,2026,3,22,6,HITEC City,70.0,Satisfactory,42.0,22.0,10.1,0.0,25.2,0.0,15.8,87.4,0.3,0.0
2026-03-22,2026,3,22,6,IDA Pashamylaram SPCB,122.0,Moderate,66.6,50.0,2.2,3.4,6.2,4.6,25.933333333333334,89.33333333333333,0.2666666666666666,0.0
2026-03-22,2026,3,22,6,Sanathnagar SPCB,68.0,Satisfactory,40.8,0.0,6.1,3.6,6.6,7.3,22.65,68.5,0.6499999999999999,0.0
2026-03-22,2026,3,22,6,US Consulate,93.0,Satisfactory,55.8,0.0,0.0,0.0,0.0,0.0,35.0,16.0,1.8,0.0
2026-03-22,2026,3,22,6,Uppal SPCB,122.0,Moderate,66.6,57.0,42.6,4.2,2.0,6.6,25.0,50.0,5.0,0.0
2026-03-22,2026,3,22,6,Zoo Park SPCB,85.0,Satisfactory,51.0,56.0,3.0,0.7,10.2,7.1,29.05,71.5,0.9,0.0
2026-03-23,2026,3,23,0,Balanagar SPCB,141.0,Moderate,72.3,70.0,19.1,6.5,6.1,0.1,18.36,56.52,0.82,0.0
2026-03-23,2026,3,23,0,HITEC City,70.0,Satisfactory,42.0,22.0,10.1,0.0,25.2,0.0,15.8,87.4,0.3,0.0
2026-03-23,2026,3,23,0,IDA Pashamylaram SPCB,122.0,Moderate,66.6,50.0,2.2,3.4,6.2,4.6,25.933333333333334,89.33333333333333,0.2666666666666666,0.0
2026-03-23,2026,3,23,0,Sanathnagar SPCB,60.0,Satisfactory,36.0,0.0,11.6,6.9,6.9,7.2,22.7,71.0,0.4,0.0
2026-03-23,2026,3,23,0,US Consulate,93.0,Satisfactory,55.8,0.0,0.0,0.0,0.0,0.0,35.0,16.0,1.8,0.0
2026-03-23,2026,3,23,0,Uppal SPCB,132.0,Moderate,69.6,71.0,29.3,7.5,10.5,7.6,25.0,50.0,5.0,0.0
2026-03-23,2026,3,23,0,Zoo Park SPCB,75.0,Satisfactory,45.0,50.0,2.8,0.7,9.9,6.1,28.4,72.0,0.9,0.0
2026-03-26,2026,3,26,3,Balanagar SPCB,153.0,Moderate,75.9,82.0,20.0,6.2,7.2,0.1,22.416666666666668,90.0,0.0766666666666666,0.0
2026-03-26,2026,3,26,3,HITEC City,70.0,Satisfactory,42.0,22.0,10.1,0.0,25.2,0.0,15.8,87.4,0.3,0.0
2026-03-26,2026,3,26,3,IDA Pashamylaram SPCB,117.0,Moderate,65.1,48.0,2.4,3.6,6.9,8.9,27.133333333333336,81.33333333333333,0.2,0.0
2026-03-26,2026,3,26,3,Sanathnagar SPCB,88.0,Satisfactory,52.8,0.0,10.6,6.3,6.1,7.8,22.866666666666664,57.0,0.3333333333333333,0.0
2026-03-26,2026,3,26,3,US Consulate,93.0,Satisfactory,55.8,0.0,0.0,0.0,0.0,0.0,35.0,16.0,1.8,0.0
2026-03-26,2026,3,26,3,Uppal SPCB,155.0,Moderate,76.5,63.0,18.5,2.6,31.4,6.8,25.0,50.0,5.0,0.0
2026-03-26,2026,3,26,3,Zoo Park SPCB,97.0,Satisfactory,58.2,63.0,2.4,0.7,10.0,1.0,28.53333333333333,74.66666666666667,0.2666666666666666,0.0
2026-03-27,2026,3,27,4,Balanagar SPCB,154.0,Moderate,76.2,81.0,21.9,6.4,5.1,0.1,20.98333333333333,90.0,0.0533333333333333,0.0
2026-03-27,2026,3,27,4,HITEC City,70.0,Satisfactory,42.0,22.0,10.1,0.0,25.2,0.0,15.8,87.4,0.3,0.0
2026-03-27,2026,3,27,4,IDA Pashamylaram SPCB,80.0,Satisfactory,48.0,30.0,2.6,0.9,7.3,2.9,33.875,73.5,1.525,0.0
2026-03-27,2026,3,27,4,Sanathnagar SPCB,58.0,Satisfactory,34.8,0.0,2.4,1.7,7.2,8.4,23.425000000000004,53.0,1.25,0.0
2026-03-27,2026,3,27,4,US Consulate,93.0,Satisfactory,55.8,0.0,0.0,0.0,0.0,0.0,35.0,16.0,1.8,0.0
2026-03-27,2026,3,27,4,Uppal SPCB,158.0,Moderate,77.4,65.0,23.8,3.9,18.8,7.5,25.0,50.0,5.0,0.0
2026-03-27,2026,3,27,4,Zoo Park SPCB,44.0,Good,26.4,24.0,2.1,0.8,9.8,0.1,28.633333333333336,74.0,0.2,0.0
2026-03-28,2026,3,28,5,Balanagar SPCB,176.0,Moderate,82.8,134.5,31.4,5.9,2.9,0.1,23.57333333333333,90.0,0.0633333333333333,0.0
2026-03-28,2026,3,28,5,HITEC City,70.0,Satisfactory,42.0,22.0,10.1,0.0,25.2,0.0,15.8,87.4,0.3,0.0
2026-03-28,2026,3,28,5,IDA Pashamylaram SPCB,124.0,Moderate,67.2,51.0,2.7,2.6,7.6,10.2,29.3,77.33333333333333,0.4666666666666667,0.0
2026-03-28,2026,3,28,5,Sanathnagar SPCB,97.0,Satisfactory,58.2,0.0,19.7,12.5,7.1,9.7,23.133333333333336,49.333333333333336,0.7666666666666666,0.0
2026-03-28,2026,3,28,5,US Consulate,93.0,Satisfactory,55.8,0.0,0.0,0.0,0.0,0.0,35.0,16.0,1.8,0.0
2026-03-28,2026,3,28,5,Uppal SPCB,97.0,Satisfactory,58.2,38.0,23.3,2.9,5.0,6.0,25.0,50.0,5.0,0.0
2026-03-28,2026,3,28,5,Zoo Park SPCB,163.0,Moderate,78.9,118.0,2.9,0.8,9.5,3.2,28.1,69.0,0.4666666666666667,0.0
2026-03-29,2026,3,29,6,Balanagar SPCB,164.0,Moderate,79.2,92.0,22.3,6.7,5.1,0.1,22.905,90.0,0.03,0.0
2026-03-29,2026,3,29,6,HITEC City,70.0,Satisfactory,42.0,22.0,10.1,0.0,25.2,0.0,15.8,87.4,0.3,0.0
2026-03-29,2026,3,29,6,IDA Pashamylaram SPCB,152.0,Moderate,75.6,60.0,2.7,2.8,7.6,2.7,28.1,85.33333333333333,0.2,0.0
2026-03-29,2026,3,29,6,Sanathnagar SPCB,95.0,Satisfactory,57.0,0.0,11.0,6.6,6.4,8.4,22.5,55.0,0.5333333333333333,0.0
2026-03-29,2026,3,29,6,US Consulate,93.0,Satisfactory,55.8,0.0,0.0,0.0,0.0,0.0,35.0,16.0,1.8,0.0
2026-03-29,2026,3,29,6,Uppal SPCB,97.0,Satisfactory,58.2,52.0,38.9,4.5,5.6,6.7,25.0,50.0,5.0,0.0
2026-03-29,2026,3,29,6,Zoo Park SPCB,163.0,Moderate,78.9,121.0,2.2,0.7,10.2,0.5,28.066666666666663,70.66666666666667,0.2,0.0
2026-03-30,2026,3,30,0,Balanagar SPCB,185.0,Moderate,85.5,136.0,23.7,8.0,2.7,0.1,20.9925,90.0,0.045,0.0
2026-03-30,2026,3,30,0,HITEC City,70.0,Satisfactory,42.0,22.0,10.1,0.0,25.2,0.0,15.8,87.4,0.3,0.0
2026-03-30,2026,3,30,0,IDA Pashamylaram SPCB,94.0,Satisfactory,56.4,38.0,2.7,2.8,7.8,1.2,27.9,91.0,1.9,0.0
2026-03-30,2026,3,30,0,Sanathnagar SPCB,80.0,Satisfactory,48.0,0.0,3.5,1.7,6.8,7.1,23.9,64.0,3.7,0.0
2026-03-30,2026,3,30,0,US Consulate,93.0,Satisfactory,55.8,0.0,0.0,0.0,0.0,0.0,35.0,16.0,1.8,0.0
2026-03-30,2026,3,30,0,Uppal SPCB,93.0,Satisfactory,55.8,41.0,15.3,2.9,32.3,5.6,25.0,50.0,5.0,0.0
2026-03-30,2026,3,30,0,Zoo Park SPCB,103.0,Moderate,60.9,65.0,1.8,0.7,9.8,20.6,28.825,67.25,2.375,0.0
2026-03-31,2026,3,31,1,Balanagar SPCB,80.0,Satisfactory,48.0,50.0,17.3,5.9,6.7,0.1,19.363333333333333,90.0,0.1366666666666666,0.0
2026-03-31,2026,3,31,1,HITEC City,70.0,Satisfactory,42.0,22.0,10.1,0.0,25.2,0.0,15.8,87.4,0.3,0.0
2026-03-31,2026,3,31,1,IDA Pashamylaram SPCB,109.0,Moderate,62.7,45.0,2.7,0.1,7.8,4.1,27.375,86.0,0.675,0.0
2026-03-31,2026,3,31,1,Sanathnagar SPCB,65.0,Satisfactory,39.0,0.0,8.2,5.4,6.4,9.2,23.725,62.25,0.7000000000000001,0.0
2026-03-31,2026,3,31,1,US Consulate,93.0,Satisfactory,55.8,0.0,0.0,0.0,0.0,0.0,35.0,16.0,1.8,0.0
2026-03-31,2026,3,31,1,Uppal SPCB,74.0,Satisfactory,44.4,36.0,22.7,3.0,16.8,5.3,25.0,50.0,5.0,0.0
2026-03-31,2026,3,31,1,Zoo Park SPCB,98.0,Satisfactory,58.8,63.0,3.1,0.8,10.0,5.7,28.4,69.33333333333333,0.9,0.0
2026-04-01,2026,4,1,2,Balanagar SPCB,161.0,Moderate,78.3,91.0,17.6,8.1,8.0,0.1,22.38,90.0,0.175,0.0
2026-04-01,2026,4,1,2,HITEC City,70.0,Satisfactory,42.0,22.0,10.1,0.0,25.2,0.0,15.8,87.4,0.3,0.0
2026-04-01,2026,4,1,2,IDA Pashamylaram SPCB,133.0,Moderate,69.9,53.0,2.7,3.3,7.8,1.0,27.3,85.66666666666667,0.2,0.0
2026-04-01,2026,4,1,2,Sanathnagar SPCB,57.0,Satisfactory,34.2,0.0,10.4,6.1,6.3,6.8,23.9,54.0,0.4333333333333333,0.0
2026-04-01,2026,4,1,2,US Consulate,93.0,Satisfactory,55.8,0.0,0.0,0.0,0.0,0.0,35.0,16.0,1.8,0.0
2026-04-01,2026,4,1,2,Uppal SPCB,107.0,Moderate,62.1,51.0,31.0,3.9,15.7,5.5,25.0,50.0,5.0,0.0
2026-04-01,2026,4,1,2,Zoo Park SPCB,63.0,Satisfactory,37.8,39.0,2.4,0.7,9.8,0.4,28.8,64.33333333333333,0.2333333333333333,0.0
2026-04-02,2026,4,2,3,Balanagar SPCB,176.0,Moderate,82.8,151.0,26.3,11.0,2.8,0.1,24.27,90.0,0.04,0.0
2026-04-02,2026,4,2,3,HITEC City,70.0,Satisfactory,42.0,22.0,10.1,0.0,25.2,0.0,15.8,87.4,0.3,0.0
2026-04-02,2026,4,2,3,IDA Pashamylaram SPCB,77.0,Satisfactory,46.2,28.0,2.4,5.3,6.9,3.2,26.85,90.0,0.35,0.0
2026-04-02,2026,4,2,3,Sanathnagar SPCB,53.0,Satisfactory,31.8,0.0,8.6,5.1,6.7,7.4,24.7,60.5,0.4,0.0
2026-04-02,2026,4,2,3,US Consulate,93.0,Satisfactory,55.8,0.0,0.0,0.0,0.0,0.0,35.0,16.0,1.8,0.0
2026-04-02,2026,4,2,3,Uppal SPCB,168.0,Moderate,80.4,75.0,14.5,3.6,35.1,7.0,25.0,50.0,5.0,0.0
2026-04-02,2026,4,2,3,Zoo Park SPCB,75.0,Satisfactory,45.0,51.0,2.9,0.8,10.0,5.2,28.75,66.0,0.4499999999999999,0.0
2026-04-03,2026,4,3,4,Balanagar SPCB,91.0,Satisfactory,54.6,58.0,19.3,6.0,7.9,0.1,21.16,90.0,0.34,0.0
2026-04-03,2026,4,3,4,HITEC City,70.0,Satisfactory,42.0,22.0,10.1,0.0,25.2,0.0,15.8,87.4,0.3,0.0
2026-04-03,2026,4,3,4,IDA Pashamylaram SPCB,92.0,Satisfactory,55.2,36.0,2.7,2.2,7.7,7.4,24.825000000000003,86.0,0.275,0.0
2026-04-03,2026,4,3,4,Sanathnagar SPCB,68.0,Satisfactory,40.8,0.0,11.4,6.7,5.8,7.7,24.950000000000003,58.25,0.45,0.0
2026-04-03,2026,4,3,4,US Consulate,93.0,Satisfactory,55.8,0.0,0.0,0.0,0.0,0.0,35.0,16.0,1.8,0.0
2026-04-03,2026,4,3,4,Uppal SPCB,46.0,Good,27.6,20.0,11.0,3.9,47.6,3.8,25.0,50.0,5.0,0.0
2026-04-03,2026,4,3,4,Zoo Park SPCB,89.0,Satisfactory,53.4,58.0,2.9,0.7,10.3,1.5,28.65,64.25,0.375,0.0
2026-04-04,2026,4,4,5,Balanagar SPCB,151.0,Moderate,75.3,62.0,18.2,5.4,6.7,0.1,21.186666666666664,90.0,0.3766666666666666,0.0
2026-04-04,2026,4,4,5,HITEC City,70.0,Satisfactory,42.0,22.0,10.1,0.0,25.2,0.0,15.8,87.4,0.3,0.0
2026-04-04,2026,4,4,5,IDA Pashamylaram SPCB,99.0,Satisfactory,59.4,40.0,2.4,6.6,6.9,4.8,22.26666666666667,83.33333333333333,0.7000000000000001,0.0
2026-04-04,2026,4,4,5,Sanathnagar SPCB,64.0,Satisfactory,38.4,0.0,13.4,8.0,6.2,8.0,24.23333333333333,51.0,0.5333333333333333,0.0
2026-04-04,2026,4,4,5,US Consulate,93.0,Satisfactory,55.8,0.0,0.0,0.0,0.0,0.0,35.0,16.0,1.8,0.0
2026-04-04,2026,4,4,5,Uppal SPCB,87.0,Satisfactory,52.2,45.0,10.8,2.8,42.5,5.2,25.0,50.0,5.0,0.0
2026-04-04,2026,4,4,5,Zoo Park SPCB,81.0,Satisfactory,48.6,54.0,2.9,0.8,10.1,1.2,28.275,59.0,0.325,0.0
2026-04-05,2026,4,5,6,Balanagar SPCB,151.0,Moderate,75.3,73.0,20.0,6.2,4.9,0.1,20.7725,90.0,0.0525,0.0
2026-04-05,2026,4,5,6,HITEC City,70.0,Satisfactory,42.0,22.0,10.1,0.0,25.2,0.0,15.8,87.4,0.3,0.0
2026-04-05,2026,4,5,6,IDA Pashamylaram SPCB,99.0,Satisfactory,59.4,40.0,2.8,2.7,7.9,4.8,27.8,58.5,2.3,0.0
2026-04-05,2026,4,5,6,Sanathnagar SPCB,82.0,Satisfactory,49.2,0.0,10.8,7.5,5.4,7.7,25.0,55.25,0.75,0.0
2026-04-05,2026,4,5,6,US Consulate,93.0,Satisfactory,55.8,0.0,0.0,0.0,0.0,0.0,35.0,16.0,1.8,0.0
2026-04-05,2026,4,5,6,Uppal SPCB,93.0,Satisfactory,55.8,46.0,13.9,3.9,32.1,5.0,25.0,50.0,5.0,0.0
2026-04-05,2026,4,5,6,Zoo Park SPCB,99.0,Satisfactory,59.4,64.0,2.4,0.8,10.0,0.1,28.475,67.5,0.225,0.0
2026-04-06,2026,4,6,0,Balanagar SPCB,112.0,Moderate,63.6,69.0,16.9,6.5,8.6,0.1,21.095,90.0,0.225,0.0
2026-04-06,2026,4,6,0,HITEC City,70.0,Satisfactory,42.0,22.0,10.1,0.0,25.2,0.0,15.8,87.4,0.3,0.0
2026-04-06,2026,4,6,0,IDA Pashamylaram SPCB,99.0,Satisfactory,59.4,40.0,2.7,5.6,7.8,8.4,21.225,60.25,0.25,0.0
2026-04-06,2026,4,6,0,Sanathnagar SPCB,60.0,Satisfactory,36.0,0.0,8.0,4.8,5.9,8.5,23.675,40.0,0.475,0.0
2026-04-06,2026,4,6,0,US Consulate,93.0,Satisfactory,55.8,0.0,0.0,0.0,0.0,0.0,35.0,16.0,1.8,0.0
2026-04-06,2026,4,6,0,Uppal SPCB,50.0,Good,30.0,24.0,13.1,7.8,32.9,3.7,25.0,50.0,5.0,0.0
2026-04-06,2026,4,6,0,Zoo Park SPCB,101.0,Moderate,60.3,65.0,2.8,0.9,10.0,0.9,28.625,61.25,0.325,0.0
2026-04-07,2026,4,7,1,Balanagar SPCB,65.0,Satisfactory,39.0,30.0,15.2,6.1,9.9,0.1,17.085,5.34,0.21,0.0
2026-04-07,2026,4,7,1,HITEC City,70.0,Satisfactory,42.0,22.0,10.1,0.0,25.2,0.0,15.8,87.4,0.3,0.0
2026-04-07,2026,4,7,1,IDA Pashamylaram SPCB,99.0,Satisfactory,59.4,40.0,2.7,17.1,7.8,8.5,21.2,67.66666666666667,0.2,0.0
2026-04-07,2026,4,7,1,Sanathnagar SPCB,148.0,Moderate,74.4,0.0,17.3,7.1,7.4,10.5,24.100000000000005,47.333333333333336,0.4666666666666666,0.0
2026-04-07,2026,4,7,1,US Consulate,93.0,Satisfactory,55.8,0.0,0.0,0.0,0.0,0.0,35.0,16.0,1.8,0.0
2026-04-07,2026,4,7,1,Uppal SPCB,82.0,Satisfactory,49.2,52.0,28.2,5.0,2.9,4.8,25.0,50.0,5.0,0.0
2026-04-07,2026,4,7,1,Zoo Park SPCB,70.0,Satisfactory,42.0,45.0,1.0,0.8,9.5,5.9,31.8,34.0,0.9,0.0
2026-04-08,2026,4,8,2,Balanagar SPCB,102.0,Moderate,60.6,58.0,14.8,6.1,9.5,0.1,18.0225,70.66,0.5974999999999999,0.0
2026-04-08,2026,4,8,2,HITEC City,70.0,Satisfactory,42.0,22.0,10.1,0.0,25.2,0.0,15.8,87.4,0.3,0.0
2026-04-08,2026,4,8,2,IDA Pashamylaram SPCB,159.0,Moderate,77.7,72.0,2.4,15.7,6.9,23.8,20.8,70.0,0.2,0.0
2026-04-08,2026,4,8,2,Sanathnagar SPCB,90.0,Satisfactory,54.0,0.0,11.2,6.7,7.2,8.6,25.1,52.0,0.8,0.0
2026-04-08,2026,4,8,2,US Consulate,93.0,Satisfactory,55.8,0.0,0.0,0.0,0.0,0.0,35.0,16.0,1.8,0.0
2026-04-08,2026,4,8,2,Uppal SPCB,53.0,Satisfactory,31.8,25.0,17.3,6.3,31.2,5.4,25.0,50.0,5.0,0.0
2026-04-08,2026,4,8,2,Zoo Park SPCB,70.0,Satisfactory,42.0,45.0,1.9,0.7,10.2,0.6,28.6,68.0,0.2,0.0
2026-04-09,2026,4,9,3,Balanagar SPCB,155.0,Moderate,76.5,79.0,18.0,5.7,6.2,0.1,19.2875,70.66,0.15,0.0
2026-04-09,2026,4,9,3,HITEC City,70.0,Satisfactory,42.0,22.0,10.1,0.0,25.2,0.0,15.8,87.4,0.3,0.0
2026-04-09,2026,4,9,3,IDA Pashamylaram SPCB,157.0,Moderate,77.1,65.0,2.7,9.1,7.8,17.9,20.425,70.5,0.6,0.0
2026-04-09,2026,4,9,3,Sanathnagar SPCB,91.0,Satisfactory,54.6,0.0,11.4,6.8,6.6,8.8,28.3,51.333333333333336,0.4666666666666666,0.0
2026-04-09,2026,4,9,3,US Consulate,93.0,Satisfactory,55.8,0.0,0.0,0.0,0.0,0.0,35.0,16.0,1.8,0.0
2026-04-09,2026,4,9,3,Uppal SPCB,42.0,Good,25.2,9.0,12.8,2.9,23.3,3.7,25.0,50.0,5.0,0.0
2026-04-09,2026,4,9,3,Zoo Park SPCB,114.0,Moderate,64.2,71.0,2.0,0.7,9.7,3.1,32.0,37.0,0.6,0.0
2026-04-10,2026,4,10,4,Balanagar SPCB,136.0,Moderate,70.8,74.0,14.4,6.4,10.6,0.1,21.66,70.66,0.27,0.0
2026-04-10,2026,4,10,4,HITEC City,70.0,Satisfactory,42.0,22.0,10.1,0.0,25.2,0.0,15.8,87.4,0.3,0.0
2026-04-10,2026,4,10,4,IDA Pashamylaram SPCB,155.0,Moderate,76.5,63.0,2.7,9.9,7.8,10.1,20.1,76.66666666666667,1.0,0.0
2026-04-10,2026,4,10,4,Sanathnagar SPCB,115.0,Moderate,64.5,0.0,7.8,4.6,6.9,8.4,28.7,55.66666666666666,0.5666666666666668,0.0
2026-04-10,2026,4,10,4,US Consulate,93.0,Satisfactory,55.8,0.0,0.0,0.0,0.0,0.0,35.0,16.0,1.8,0.0
2026-04-10,2026,4,10,4,Uppal SPCB,91.0,Satisfactory,54.6,35.0,8.8,2.9,43.7,6.4,25.0,50.0,5.0,0.0
2026-04-10,2026,4,10,4,Zoo Park SPCB,120.0,Moderate,66.0,74.0,2.7,0.8,9.6,0.4,28.666666666666668,67.66666666666667,0.2666666666666666,0.0
2026-04-11,2026,4,11,5,Balanagar SPCB,153.0,Moderate,75.9,77.0,16.0,5.5,9.5,0.1,21.926666666666662,70.66,0.0533333333333333,0.0
2026-04-11,2026,4,11,5,HITEC City,70.0,Satisfactory,42.0,22.0,10.1,0.0,25.2,0.0,15.8,87.4,0.3,0.0
2026-04-11,2026,4,11,5,IDA Pashamylaram SPCB,151.0,Moderate,75.3,58.0,2.4,8.1,7.0,5.7,19.83333333333333,78.33333333333333,0.3,0.0
2026-04-11,2026,4,11,5,Sanathnagar SPCB,94.0,Satisfactory,56.4,0.0,7.9,4.7,6.7,8.5,29.73333333333333,53.333333333333336,0.7333333333333334,0.0
2026-04-11,2026,4,11,5,US Consulate,93.0,Satisfactory,55.8,0.0,0.0,0.0,0.0,0.0,35.0,16.0,1.8,0.0
2026-04-11,2026,4,11,5,Uppal SPCB,91.0,Satisfactory,54.6,43.0,18.2,2.6,14.2,6.3,25.0,50.0,5.0,0.0
2026-04-11,2026,4,11,5,Zoo Park SPCB,157.0,Moderate,77.1,107.5,2.9,0.8,10.0,1.6,28.33333333333333,64.0,0.2,0.0
2026-04-12,2026,4,12,6,Balanagar SPCB,136.0,Moderate,70.8,83.0,18.3,5.5,7.7,0.1,22.33,70.66,0.1266666666666666,0.0
2026-04-12,2026,4,12,6,HITEC City,70.0,Satisfactory,42.0,22.0,10.1,0.0,25.2,0.0,15.8,87.4,0.3,0.0
2026-04-12,2026,4,12,6,IDA Pashamylaram SPCB,151.0,Moderate,75.3,58.0,2.7,8.4,7.6,5.8,20.066666666666663,83.0,0.5666666666666668,0.0
2026-04-12,2026,4,12,6,Sanathnagar SPCB,87.0,Satisfactory,52.2,0.0,2.6,1.6,5.5,8.9,30.925,57.66666666666666,0.4333333333333333,0.0
2026-04-12,2026,4,12,6,US Consulate,93.0,Satisfactory,55.8,0.0,0.0,0.0,0.0,0.0,35.0,16.0,1.8,0.0
2026-04-12,2026,4,12,6,Uppal SPCB,65.0,Satisfactory,39.0,49.0,33.3,4.0,2.1,6.4,25.0,50.0,5.0,0.0
2026-04-12,2026,4,12,6,Zoo Park SPCB,157.0,Moderate,77.1,107.5,2.6,0.7,9.5,1.6,28.125,64.75,0.375,0.0
2026-04-13,2026,4,13,0,Balanagar SPCB,157.0,Moderate,77.1,92.0,20.7,6.6,6.1,0.1,23.3125,70.66,0.055,0.0
2026-04-13,2026,4,13,0,HITEC City,70.0,Satisfactory,42.0,22.0,10.1,0.0,25.2,0.0,15.8,87.4,0.3,0.0
2026-04-13,2026,4,13,0,IDA Pashamylaram SPCB,98.0,Satisfactory,58.8,40.0,2.6,9.0,7.4,6.4,23.4,77.0,2.3,0.0
2026-04-13,2026,4,13,0,Sanathnagar SPCB,76.0,Satisfactory,45.6,0.0,8.2,4.9,6.3,7.9,30.4,49.0,1.1,0.0
2026-04-13,2026,4,13,0,US Consulate,93.0,Satisfactory,55.8,0.0,0.0,0.0,0.0,0.0,35.0,16.0,1.8,0.0
2026-04-13,2026,4,13,0,Uppal SPCB,97.0,Satisfactory,58.2,58.0,30.8,4.3,4.0,7.8,25.0,50.0,5.0,0.0
2026-04-13,2026,4,13,0,Zoo Park SPCB,79.0,Satisfactory,47.4,53.0,2.2,0.7,10.1,0.8,28.4,61.0,0.4,0.0
2026-04-14,2026,4,14,1,Balanagar SPCB,168.0,Moderate,80.4,119.5,30.4,5.7,3.1,0.1,23.0975,70.66,0.04,0.0
2026-04-14,2026,4,14,1,HITEC City,70.0,Satisfactory,42.0,22.0,10.1,0.0,25.2,0.0,15.8,87.4,0.3,0.0
2026-04-14,2026,4,14,1,IDA Pashamylaram SPCB,102.0,Moderate,60.6,41.0,2.8,8.2,8.0,7.0,20.6,71.0,0.6,0.0
2026-04-14,2026,4,14,1,Sanathnagar SPCB,88.0,Satisfactory,52.8,0.0,19.0,14.8,6.8,9.1,32.675000000000004,47.5,0.55,0.0
2026-04-14,2026,4,14,1,US Consulate,93.0,Satisfactory,55.8,0.0,0.0,0.0,0.0,0.0,35.0,16.0,1.8,0.0
2026-04-14,2026,4,14,1,Uppal SPCB,161.0,Moderate,78.3,80.0,37.3,4.3,6.8,6.7,25.0,50.0,5.0,0.0
2026-04-14,2026,4,14,1,Zoo Park SPCB,50.0,Good,30.0,26.0,2.6,0.7,9.9,0.7,28.5,59.5,0.275,0.0
2026-04-15,2026,4,15,2,Balanagar SPCB,185.0,Moderate,85.5,91.0,57.2,10.2,3.3,0.1,24.745,70.66,0.615,0.0
2026-04-15,2026,4,15,2,HITEC City,70.0,Satisfactory,42.0,22.0,10.1,0.0,25.2,0.0,15.8,87.4,0.3,0.0
2026-04-15,2026,4,15,2,IDA Pashamylaram SPCB,152.0,Moderate,75.6,59.0,3.0,5.4,8.5,9.7,28.1,66.0,0.3,0.0
2026-04-15,2026,4,15,2,Sanathnagar SPCB,85.0,Satisfactory,51.0,0.0,18.9,14.8,6.8,8.5,33.36666666666667,55.66666666666666,0.5,0.0
2026-04-15,2026,4,15,2,US Consulate,93.0,Satisfactory,55.8,0.0,0.0,0.0,0.0,0.0,35.0,16.0,1.8,0.0
2026-04-15,2026,4,15,2,Uppal SPCB,57.0,Satisfactory,34.2,21.0,17.2,3.6,27.3,4.5,25.0,50.0,5.0,0.0
2026-04-15,2026,4,15,2,Zoo Park SPCB,115.0,Moderate,64.5,71.0,3.4,0.8,9.7,1.6,28.433333333333334,59.66666666666666,0.3333333333333333,0.0
2026-04-16,2026,4,16,3,Balanagar SPCB,173.0,Moderate,81.9,82.0,57.1,10.1,1.3,0.1,27.5775,70.66,0.475,0.0
2026-04-16,2026,4,16,3,HITEC City,70.0,Satisfactory,42.0,22.0,10.1,0.0,25.2,0.0,15.8,87.4,0.3,0.0
2026-04-16,2026,4,16,3,IDA Pashamylaram SPCB,134.0,Moderate,70.2,53.0,3.1,6.3,8.8,7.6,20.2,90.66666666666669,1.4666666666666666,0.0
2026-04-16,2026,4,16,3,Sanathnagar SPCB,89.0,Satisfactory,53.4,0.0,17.8,4.7,6.4,8.2,34.4,59.0,0.925,0.0
2026-04-16,2026,4,16,3,US Consulate,93.0,Satisfactory,55.8,0.0,0.0,0.0,0.0,0.0,35.0,16.0,1.8,0.0
2026-04-16,2026,4,16,3,Uppal SPCB,89.0,Satisfactory,53.4,55.0,29.0,4.9,18.8,5.7,25.0,50.0,5.0,0.0
2026-04-16,2026,4,16,3,Zoo Park SPCB,87.0,Satisfactory,52.2,56.0,2.2,0.7,9.6,1.1,28.65,71.5,0.4,0.0
2026-04-17,2026,4,17,4,Balanagar SPCB,82.0,Satisfactory,49.2,43.0,33.0,7.4,4.1,0.1,24.06,25.63,0.7,0.0
2026-04-17,2026,4,17,4,HITEC City,70.0,Satisfactory,42.0,22.0,10.1,0.0,25.2,0.0,15.8,87.4,0.3,0.0
2026-04-17,2026,4,17,4,IDA Pashamylaram SPCB,102.0,Moderate,60.6,41.0,2.7,8.6,7.8,6.7,20.6,76.0,0.7,0.0
2026-04-17,2026,4,17,4,Sanathnagar SPCB,76.0,Satisfactory,45.6,0.0,20.5,4.8,7.3,8.4,35.1,53.0,0.7,0.0
2026-04-17,2026,4,17,4,US Consulate,93.0,Satisfactory,55.8,0.0,0.0,0.0,0.0,0.0,35.0,16.0,1.8,0.0
2026-04-17,2026,4,17,4,Uppal SPCB,76.0,Satisfactory,45.6,42.0,20.4,3.9,3.7,5.3,25.0,50.0,5.0,0.0
2026-04-17,2026,4,17,4,Zoo Park SPCB,89.0,Satisfactory,53.4,58.0,2.4,0.8,10.0,0.1,28.3,67.0,0.2,0.0
2026-04-18,2026,4,18,5,Balanagar SPCB,158.0,Moderate,77.4,115.0,69.8,16.5,4.3,0.1,25.2375,25.265,0.44,0.0
2026-04-18,2026,4,18,5,HITEC City,70.0,Satisfactory,42.0,22.0,10.1,0.0,25.2,0.0,15.8,87.4,0.3,0.0
2026-04-18,2026,4,18,5,IDA Pashamylaram SPCB,115.0,Moderate,64.5,47.0,2.6,8.0,7.4,5.5,21.875,86.0,0.95,0.0
2026-04-18,2026,4,18,5,Sanathnagar SPCB,90.0,Satisfactory,54.0,0.0,18.8,3.5,6.7,8.7,38.15,60.25,0.7499999999999999,0.0
2026-04-18,2026,4,18,5,US Consulate,93.0,Satisfactory,55.8,0.0,0.0,0.0,0.0,0.0,35.0,16.0,1.8,0.0
2026-04-18,2026,4,18,5,Uppal SPCB,65.0,Satisfactory,39.0,36.0,16.1,3.6,10.4,4.6,25.0,50.0,5.0,0.0
2026-04-18,2026,4,18,5,Zoo Park SPCB,113.0,Moderate,63.9,70.0,2.6,0.7,9.6,5.4,28.55,65.0,0.8,0.0
2026-04-19,2026,4,19,6,Balanagar SPCB,110.0,Moderate,63.0,63.0,18.2,4.7,7.7,0.1,27.11,25.9575,0.2975,0.0
2026-04-19,2026,4,19,6,HITEC City,70.0,Satisfactory,42.0,22.0,10.1,0.0,25.2,0.0,15.8,87.4,0.3,0.0
2026-04-19,2026,4,19,6,IDA Pashamylaram SPCB,107.0,Moderate,62.1,44.0,1.3,4.3,3.7,0.4,23.6,76.0,0.3333333333333333,0.0
2026-04-19,2026,4,19,6,Sanathnagar SPCB,65.0,Satisfactory,39.0,0.0,18.6,2.5,6.7,7.2,38.7,49.75,1.875,0.0
2026-04-19,2026,4,19,6,US Consulate,93.0,Satisfactory,55.8,0.0,0.0,0.0,0.0,0.0,35.0,16.0,1.8,0.0
2026-04-19,2026,4,19,6,Uppal SPCB,68.0,Satisfactory,40.8,48.0,18.0,3.8,21.1,4.2,25.0,50.0,5.0,0.0
2026-04-19,2026,4,19,6,Zoo Park SPCB,42.0,Good,25.2,22.0,2.6,0.8,9.9,1.2,28.3,50.333333333333336,0.5,0.0
2026-04-20,2026,4,20,0,Balanagar SPCB,108.0,Moderate,62.4,53.0,17.2,6.0,9.4,0.1,27.130000000000003,25.5025,0.22,0.0
2026-04-20,2026,4,20,0,HITEC City,70.0,Satisfactory,42.0,22.0,10.1,0.0,25.2,0.0,15.8,87.4,0.3,0.0
2026-04-20,2026,4,20,0,IDA Pashamylaram SPCB,76.0,Satisfactory,45.6,28.0,2.8,7.7,7.9,7.4,21.1,77.0,0.2,0.0
2026-04-20,2026,4,20,0,Sanathnagar SPCB,57.0,Satisfactory,34.2,0.0,16.5,5.1,5.9,7.4,32.7,32.0,1.8,0.0
2026-04-20,2026,4,20,0,US Consulate,93.0,Satisfactory,55.8,0.0,0.0,0.0,0.0,0.0,35.0,16.0,1.8,0.0
2026-04-20,2026,4,20,0,Uppal SPCB,76.0,Satisfactory,45.6,96.0,19.2,3.9,21.5,4.2,25.0,50.0,5.0,0.0
2026-04-20,2026,4,20,0,Zoo Park SPCB,78.0,Satisfactory,46.8,52.0,2.4,0.8,9.6,0.5,28.0,66.0,0.2,0.0
2026-04-21,2026,4,21,1,Balanagar SPCB,146.0,Moderate,73.8,90.0,35.8,6.5,3.5,0.1,27.136666666666667,25.816666666666663,0.66,0.0
2026-04-21,2026,4,21,1,HITEC City,70.0,Satisfactory,42.0,22.0,10.1,0.0,25.2,0.0,15.8,87.4,0.3,0.0
2026-04-21,2026,4,21,1,IDA Pashamylaram SPCB,76.0,Satisfactory,45.6,28.0,2.9,4.6,8.4,15.6,26.33333333333333,63.66666666666666,0.2,0.0
2026-04-21,2026,4,21,1,Sanathnagar SPCB,78.0,Satisfactory,46.8,0.0,18.0,3.7,6.4,8.1,34.075,49.25,0.8,0.0
2026-04-21,2026,4,21,1,US Consulate,93.0,Satisfactory,55.8,0.0,0.0,0.0,0.0,0.0,35.0,16.0,1.8,0.0
2026-04-21,2026,4,21,1,Uppal SPCB,70.0,Satisfactory,42.0,75.0,17.6,3.0,4.8,4.7,25.0,50.0,5.0,0.0
2026-04-21,2026,4,21,1,Zoo Park SPCB,70.0,Satisfactory,42.0,46.0,2.8,0.8,9.8,0.9,28.45,52.0,0.3,0.0
2026-04-22,2026,4,22,2,Balanagar SPCB,144.0,Moderate,73.2,83.0,26.0,8.9,3.3,0.1,28.0775,25.665,0.615,0.0
2026-04-22,2026,4,22,2,HITEC City,70.0,Satisfactory,42.0,22.0,10.1,0.0,25.2,0.0,15.8,87.4,0.3,0.0
2026-04-22,2026,4,22,2,IDA Pashamylaram SPCB,99.0,Satisfactory,59.4,40.0,3.0,3.8,8.5,7.8,23.1,71.0,0.2,0.0
2026-04-22,2026,4,22,2,Sanathnagar SPCB,79.0,Satisfactory,47.4,0.0,20.8,5.0,7.4,8.2,33.8,51.0,0.7,0.0
2026-04-22,2026,4,22,2,US Consulate,93.0,Satisfactory,55.8,0.0,0.0,0.0,0.0,0.0,35.0,16.0,1.8,0.0
2026-04-22,2026,4,22,2,Uppal SPCB,61.0,Satisfactory,36.6,50.0,16.0,5.2,30.3,4.7,25.0,50.0,5.0,0.0
2026-04-22,2026,4,22,2,Zoo Park SPCB,105.0,Moderate,61.5,67.0,1.7,0.8,10.2,1.4,29.0,62.0,0.3,0.0
2026-04-23,2026,4,23,3,Balanagar SPCB,153.0,Moderate,75.9,110.5,36.4,4.5,4.1,0.1,28.96,26.0325,0.575,0.0
2026-04-23,2026,4,23,3,HITEC City,70.0,Satisfactory,42.0,22.0,10.1,0.0,25.2,0.0,15.8,87.4,0.3,0.0
2026-04-23,2026,4,23,3,IDA Pashamylaram SPCB,152.0,Moderate,75.6,60.0,3.1,3.3,8.9,7.9,24.6,67.0,0.2,0.0
2026-04-23,2026,4,23,3,Sanathnagar SPCB,97.0,Satisfactory,58.2,0.0,18.5,6.5,6.6,10.8,35.9,46.0,0.5,0.0
2026-04-23,2026,4,23,3,US Consulate,93.0,Satisfactory,55.8,0.0,0.0,0.0,0.0,0.0,35.0,16.0,1.8,0.0
2026-04-23,2026,4,23,3,Uppal SPCB,68.0,Satisfactory,40.8,53.0,30.0,4.0,2.5,5.8,25.0,50.0,5.0,0.0
2026-04-23,2026,4,23,3,Zoo Park SPCB,76.0,Satisfactory,45.6,51.0,2.3,0.8,9.4,0.4,28.5,65.0,0.2,0.0
2026-04-24,2026,4,24,4,Balanagar SPCB,139.0,Moderate,71.7,72.0,18.8,6.1,168.3,0.1,30.762500000000003,25.865,0.37,0.0
2026-04-24,2026,4,24,4,HITEC City,70.0,Satisfactory,42.0,22.0,10.1,0.0,25.2,0.0,15.8,87.4,0.3,0.0
2026-04-24,2026,4,24,4,IDA Pashamylaram SPCB,143.0,Moderate,72.9,56.0,3.2,0.6,9.2,9.1,27.425,71.0,0.2,0.0
2026-04-24,2026,4,24,4,Sanathnagar SPCB,96.0,Satisfactory,57.6,0.0,20.2,8.1,7.2,13.0,34.65,51.25,0.3249999999999999,0.0
2026-04-24,2026,4,24,4,US Consulate,93.0,Satisfactory,55.8,0.0,0.0,0.0,0.0,0.0,35.0,16.0,1.8,0.0
2026-04-24,2026,4,24,4,Uppal SPCB,85.0,Satisfactory,51.0,55.0,36.5,3.2,4.0,5.2,25.0,50.0,5.0,0.0
2026-04-24,2026,4,24,4,Zoo Park SPCB,148.0,Moderate,74.4,87.0,3.3,0.7,10.1,0.1,28.475,66.0,0.2,0.0
2026-04-25,2026,4,25,5,Balanagar SPCB,120.0,Moderate,66.0,73.0,19.7,8.1,5.3,0.1,30.570000000000004,26.163333333333338,0.3833333333333333,0.0
2026-04-25,2026,4,25,5,HITEC City,70.0,Satisfactory,42.0,22.0,10.1,0.0,25.2,0.0,15.8,87.4,0.3,0.0
2026-04-25,2026,4,25,5,IDA Pashamylaram SPCB,116.0,Moderate,64.8,48.0,3.2,0.3,9.2,6.8,27.5,82.0,0.2,0.0
2026-04-25,2026,4,25,5,Sanathnagar SPCB,118.0,Moderate,65.4,0.0,19.5,3.2,7.0,10.4,34.6,43.5,0.5,0.0
2026-04-25,2026,4,25,5,US Consulate,93.0,Satisfactory,55.8,0.0,0.0,0.0,0.0,0.0,35.0,16.0,1.8,0.0
2026-04-25,2026,4,25,5,Uppal SPCB,99.0,Satisfactory,59.4,50.0,20.8,3.0,16.1,5.9,25.0,50.0,5.0,0.0
2026-04-25,2026,4,25,5,Zoo Park SPCB,70.0,Satisfactory,42.0,46.0,2.3,0.7,9.3,0.3,28.625,70.5,0.2249999999999999,0.0
2026-04-26,2026,4,26,6,Balanagar SPCB,110.0,Moderate,63.0,57.0,29.2,6.7,8.8,0.1,29.93,25.686666666666667,0.49,0.0
2026-04-26,2026,4,26,6,HITEC City,70.0,Satisfactory,42.0,22.0,10.1,0.0,25.2,0.0,15.8,87.4,0.3,0.0
2026-04-26,2026,4,26,6,IDA Pashamylaram SPCB,117.0,Moderate,65.1,49.0,1.8,1.1,5.2,8.5,27.4,69.0,0.5750000000000001,0.0
2026-04-26,2026,4,26,6,Sanathnagar SPCB,118.0,Moderate,65.4,0.0,19.5,3.2,7.0,10.4,34.6,43.5,0.5,0.0
2026-04-26,2026,4,26,6,US Consulate,93.0,Satisfactory,55.8,0.0,0.0,0.0,0.0,0.0,35.0,16.0,1.8,0.0
2026-04-26,2026,4,26,6,Uppal SPCB,78.0,Satisfactory,46.8,38.0,18.8,3.9,34.6,4.2,25.0,50.0,5.0,0.0
2026-04-26,2026,4,26,6,Zoo Park SPCB,148.0,Moderate,74.4,86.0,2.8,0.8,10.0,1.0,28.325,58.75,0.35,0.0
2026-04-27,2026,4,27,0,Balanagar SPCB,103.0,Moderate,60.9,58.0,12.6,5.2,9.2,0.1,30.33,25.89,0.42,0.0
2026-04-27,2026,4,27,0,HITEC City,70.0,Satisfactory,42.0,22.0,10.1,0.0,25.2,0.0,15.8,87.4,0.3,0.0
2026-04-27,2026,4,27,0,IDA Pashamylaram SPCB,107.0,Moderate,62.1,44.0,2.0,6.9,5.6,2.0,27.4,71.0,0.6,0.0
2026-04-27,2026,4,27,0,Sanathnagar SPCB,114.0,Moderate,64.2,0.0,17.9,54.1,6.4,11.9,34.0,52.0,1.2,0.0
2026-04-27,2026,4,27,0,US Consulate,93.0,Satisfactory,55.8,0.0,0.0,0.0,0.0,0.0,35.0,16.0,1.8,0.0
2026-04-27,2026,4,27,0,Uppal SPCB,34.0,Good,20.4,16.0,8.8,3.0,39.6,4.2,25.0,50.0,5.0,0.0
2026-04-27,2026,4,27,0,Zoo Park SPCB,130.0,Moderate,69.0,78.0,3.9,0.8,9.9,1.7,28.7,68.0,0.4,0.0
2026-04-28,2026,4,28,1,Balanagar SPCB,128.0,Moderate,68.4,54.0,13.6,6.8,10.0,0.1,28.343333333333334,25.49,0.5433333333333333,0.0
2026-04-28,2026,4,28,1,HITEC City,70.0,Satisfactory,42.0,22.0,10.1,0.0,25.2,0.0,15.8,87.4,0.3,0.0
2026-04-28,2026,4,28,1,IDA Pashamylaram SPCB,73.0,Satisfactory,43.8,26.0,3.2,1.4,9.2,7.3,27.4,68.0,2.2,0.0
2026-04-28,2026,4,28,1,Sanathnagar SPCB,53.0,Satisfactory,31.8,0.0,18.4,54.1,6.6,7.0,35.6,43.0,0.8,0.0
2026-04-28,2026,4,28,1,US Consulate,93.0,Satisfactory,55.8,0.0,0.0,0.0,0.0,0.0,35.0,16.0,1.8,0.0
2026-04-28,2026,4,28,1,Uppal SPCB,57.0,Satisfactory,34.2,21.0,21.6,3.3,4.2,4.9,25.0,50.0,5.0,0.0
2026-04-28,2026,4,28,1,Zoo Park SPCB,50.0,Good,30.0,26.0,2.3,0.8,9.9,0.3,28.3,55.0,0.2,0.0
2026-04-29,2026,4,29,2,Balanagar SPCB,102.0,Moderate,60.6,60.0,21.1,12.2,7.5,0.1,26.65,25.36,0.87,0.0
2026-04-29,2026,4,29,2,HITEC City,70.0,Satisfactory,42.0,22.0,10.1,0.0,25.2,0.0,15.8,87.4,0.3,0.0
2026-04-29,2026,4,29,2,IDA Pashamylaram SPCB,107.0,Moderate,62.1,44.0,3.1,0.6,8.9,1.8,27.5,71.0,0.9,0.0
2026-04-29,2026,4,29,2,Sanathnagar SPCB,74.0,Satisfactory,44.4,0.0,19.3,54.1,6.9,8.0,34.7,50.0,1.2,0.0
2026-04-29,2026,4,29,2,US Consulate,93.0,Satisfactory,55.8,0.0,0.0,0.0,0.0,0.0,35.0,16.0,1.8,0.0
2026-04-29,2026,4,29,2,Uppal SPCB,91.0,Satisfactory,54.6,48.0,28.3,3.9,2.8,5.9,25.0,50.0,5.0,0.0
2026-04-29,2026,4,29,2,Zoo Park SPCB,78.0,Satisfactory,46.8,52.0,2.4,0.7,9.4,1.1,29.2,56.0,0.5,0.0
2026-04-30,2026,4,30,3,Balanagar SPCB,85.0,Satisfactory,51.0,34.0,12.3,5.5,11.5,0.1,23.9875,24.8375,0.9125,0.0
2026-04-30,2026,4,30,3,HITEC City,70.0,Satisfactory,42.0,22.0,10.1,0.0,25.2,0.0,15.8,87.4,0.3,0.0
2026-04-30,2026,4,30,3,IDA Pashamylaram SPCB,117.0,Moderate,65.1,48.0,3.2,6.3,9.1,0.1,27.4,58.0,0.2,0.0
2026-04-30,2026,4,30,3,Sanathnagar SPCB,122.0,Moderate,66.6,0.0,19.9,54.1,7.1,15.1,35.7,42.0,1.2,0.0
2026-04-30,2026,4,30,3,US Consulate,93.0,Satisfactory,55.8,0.0,0.0,0.0,0.0,0.0,35.0,16.0,1.8,0.0
2026-04-30,2026,4,30,3,Uppal SPCB,68.0,Satisfactory,40.8,28.0,8.8,4.3,32.1,3.8,25.0,50.0,5.0,0.0
2026-04-30,2026,4,30,3,Zoo Park SPCB,99.0,Satisfactory,59.4,64.0,2.7,0.8,10.2,1.7,28.7,53.0,0.4,0.0
2026-05-01,2026,5,1,4,Balanagar SPCB,100.0,Satisfactory,60.0,50.0,17.0,5.8,11.8,0.1,26.36,25.7325,1.0725,0.0
2026-05-01,2026,5,1,4,HITEC City,70.0,Satisfactory,42.0,22.0,10.1,0.0,25.2,0.0,15.8,87.4,0.3,0.0
2026-05-01,2026,5,1,4,IDA Pashamylaram SPCB,75.0,Satisfactory,45.0,27.0,3.2,4.7,9.2,12.6,27.4,61.0,0.5,0.0
2026-05-01,2026,5,1,4,Sanathnagar SPCB,53.0,Satisfactory,31.8,0.0,20.6,4.1,7.3,8.7,35.2,41.0,1.2,0.0
2026-05-01,2026,5,1,4,US Consulate,93.0,Satisfactory,55.8,0.0,0.0,0.0,0.0,0.0,35.0,16.0,1.8,0.0
2026-05-01,2026,5,1,4,Uppal SPCB,153.0,Moderate,75.9,65.0,17.2,4.8,30.7,6.0,25.0,50.0,5.0,0.0
2026-05-01,2026,5,1,4,Zoo Park SPCB,66.0,Satisfactory,39.6,42.0,2.2,0.8,9.5,1.0,27.9,52.0,0.2,0.0
2026-05-02,2026,5,2,5,Balanagar SPCB,103.0,Moderate,60.9,191.5,16.3,6.6,8.0,0.1,26.15,25.03,0.92,0.0
2026-05-02,2026,5,2,5,HITEC City,70.0,Satisfactory,42.0,22.0,10.1,0.0,25.2,0.0,15.8,87.4,0.3,0.0
2026-05-02,2026,5,2,5,IDA Pashamylaram SPCB,129.0,Moderate,68.7,52.0,3.2,11.7,9.3,14.1,27.26666666666667,59.333333333333336,0.9,0.0
2026-05-02,2026,5,2,5,Sanathnagar SPCB,61.0,Satisfactory,36.6,0.0,17.3,7.5,6.2,7.6,35.266666666666666,39.333333333333336,1.1333333333333335,0.0
2026-05-02,2026,5,2,5,US Consulate,93.0,Satisfactory,55.8,0.0,0.0,0.0,0.0,0.0,35.0,16.0,1.8,0.0
2026-05-02,2026,5,2,5,Uppal SPCB,82.0,Satisfactory,49.2,19.0,8.5,3.8,36.5,4.4,25.0,50.0,5.0,0.0
2026-05-02,2026,5,2,5,Zoo Park SPCB,89.0,Satisfactory,53.4,57.0,2.1,0.8,9.9,2.3,27.96666666666667,50.0,0.4666666666666666,0.0
2026-05-03,2026,5,3,6,Balanagar SPCB,75.0,Satisfactory,45.0,32.0,10.5,6.8,222.0,0.1,20.613333333333333,18.725,1.14,0.0
2026-05-03,2026,5,3,6,HITEC City,70.0,Satisfactory,42.0,22.0,10.1,0.0,25.2,0.0,15.8,87.4,0.3,0.0
2026-05-03,2026,5,3,6,IDA Pashamylaram SPCB,57.0,Satisfactory,34.2,18.0,3.2,0.6,9.3,4.7,27.075,71.0,0.325,0.0
2026-05-03,2026,5,3,6,Sanathnagar SPCB,42.0,Good,25.2,0.0,18.1,7.3,6.5,7.1,35.3,46.25,1.125,0.0
2026-05-03,2026,5,3,6,US Consulate,93.0,Satisfactory,55.8,0.0,0.0,0.0,0.0,0.0,35.0,16.0,1.8,0.0
2026-05-03,2026,5,3,6,Uppal SPCB,38.0,Good,22.8,14.0,10.5,2.9,24.2,3.4,25.0,50.0,5.0,0.0
2026-05-03,2026,5,3,6,Zoo Park SPCB,81.0,Satisfactory,48.6,53.0,2.5,0.8,9.2,0.4,28.35,58.25,0.25,0.0
2026-05-04,2026,5,4,0,Balanagar SPCB,51.0,Satisfactory,30.6,13.0,11.6,4.9,7.2,0.1,23.4375,25.207500000000003,0.5825,0.0
2026-05-04,2026,5,4,0,HITEC City,70.0,Satisfactory,42.0,22.0,10.1,0.0,25.2,0.0,15.8,87.4,0.3,0.0
2026-05-04,2026,5,4,0,IDA Pashamylaram SPCB,89.0,Satisfactory,53.4,34.0,3.2,1.7,9.2,10.4,27.3,74.0,0.4,0.0
2026-05-04,2026,5,4,0,Sanathnagar SPCB,62.0,Satisfactory,37.2,0.0,20.7,6.5,7.4,9.5,38.95,60.0,0.7,0.0
2026-05-04,2026,5,4,0,US Consulate,93.0,Satisfactory,55.8,0.0,0.0,0.0,0.0,0.0,35.0,16.0,1.8,0.0
2026-05-04,2026,5,4,0,Uppal SPCB,91.0,Satisfactory,54.6,50.0,19.9,3.3,14.5,5.7,25.0,50.0,5.0,0.0
2026-05-04,2026,5,4,0,Zoo Park SPCB,76.0,Satisfactory,45.6,51.0,3.4,0.7,10.0,7.1,33.8,66.0,0.8,0.0
2026-05-05,2026,5,5,1,Balanagar SPCB,65.0,Satisfactory,39.0,29.0,12.8,3.7,15.5,0.1,29.47,26.2,0.29,0.0
2026-05-05,2026,5,5,1,HITEC City,70.0,Satisfactory,42.0,22.0,10.1,0.0,25.2,0.0,15.8,87.4,0.3,0.0
2026-05-05,2026,5,5,1,IDA Pashamylaram SPCB,89.0,Satisfactory,53.4,35.0,2.8,3.2,8.2,3.8,22.2,46.0,0.9,0.0
2026-05-05,2026,5,5,1,Sanathnagar SPCB,63.0,Satisfactory,37.8,0.0,10.1,5.0,3.6,7.4,30.7,30.0,1.0,0.0
2026-05-05,2026,5,5,1,US Consulate,93.0,Satisfactory,55.8,0.0,0.0,0.0,0.0,0.0,35.0,16.0,1.8,0.0
2026-05-05,2026,5,5,1,Uppal SPCB,53.0,Satisfactory,31.8,21.0,16.9,9.3,24.7,4.4,25.0,50.0,5.0,0.0
2026-05-05,2026,5,5,1,Zoo Park SPCB,78.0,Satisfactory,46.8,52.0,1.8,0.8,12.6,0.1,32.8,35.0,0.2,0.0
2026-05-06,2026,5,6,2,Balanagar SPCB,68.0,Satisfactory,40.8,61.0,17.3,2.6,8.7,0.1,25.415,25.52,0.8600000000000001,0.0
2026-05-06,2026,5,6,2,HITEC City,70.0,Satisfactory,42.0,22.0,10.1,0.0,25.2,0.0,15.8,87.4,0.3,0.0
2026-05-06,2026,5,6,2,IDA Pashamylaram SPCB,85.0,Satisfactory,51.0,33.0,3.2,0.4,9.2,16.5,25.1,85.0,1.5,0.0
2026-05-06,2026,5,6,2,Sanathnagar SPCB,46.0,Good,27.6,0.0,77.6,1.4,167.1,6.9,36.4,59.0,0.7,0.0
2026-05-06,2026,5,6,2,US Consulate,93.0,Satisfactory,55.8,0.0,0.0,0.0,0.0,0.0,35.0,16.0,1.8,0.0
2026-05-06,2026,5,6,2,Uppal SPCB,57.0,Satisfactory,34.2,29.0,24.2,5.2,21.4,4.5,25.0,50.0,5.0,0.0
2026-05-06,2026,5,6,2,Zoo Park SPCB,59.0,Satisfactory,35.4,33.0,2.4,0.9,10.0,6.6,27.2,65.0,1.0,0.0
2026-05-07,2026,5,7,3,Balanagar SPCB,63.0,Satisfactory,37.8,52.0,16.6,2.6,10.2,0.1,23.255,25.290000000000003,1.1975,0.0
2026-05-07,2026,5,7,3,HITEC City,70.0,Satisfactory,42.0,22.0,10.1,0.0,25.2,0.0,15.8,87.4,0.3,0.0
2026-05-07,2026,5,7,3,IDA Pashamylaram SPCB,65.0,Satisfactory,39.0,22.0,5.3,4.8,24.1,1.5,23.5,85.0,2.8000000000000003,0.0
2026-05-07,2026,5,7,3,Sanathnagar SPCB,39.0,Good,23.4,0.0,105.4,2.0,42.2,6.8,36.06666666666667,63.0,0.9333333333333332,0.0
2026-05-07,2026,5,7,3,US Consulate,93.0,Satisfactory,55.8,0.0,0.0,0.0,0.0,0.0,35.0,16.0,1.8,0.0
2026-05-07,2026,5,7,3,Uppal SPCB,38.0,Good,22.8,18.0,9.6,5.2,23.0,3.7,25.0,50.0,5.0,0.0
2026-05-07,2026,5,7,3,Zoo Park SPCB,55.0,Satisfactory,33.0,30.0,1.8,0.8,9.3,11.1,26.133333333333336,71.0,1.4666666666666668,0.0
2026-05-08,2026,5,8,4,Balanagar SPCB,96.0,Satisfactory,57.6,64.0,17.3,3.7,8.4,0.1,25.72,24.94,0.57,0.0
2026-05-08,2026,5,8,4,HITEC City,70.0,Satisfactory,42.0,22.0,10.1,0.0,25.2,0.0,15.8,87.4,0.3,0.0
2026-05-08,2026,5,8,4,IDA Pashamylaram SPCB,65.0,Satisfactory,39.0,22.0,5.3,3.0,24.1,1.0,24.35,94.0,1.1,0.0
2026-05-08,2026,5,8,4,Sanathnagar SPCB,23.0,Good,13.8,0.0,52.5,1.1,122.7,6.6,36.15,63.5,0.6499999999999999,0.0
2026-05-08,2026,5,8,4,US Consulate,93.0,Satisfactory,55.8,0.0,0.0,0.0,0.0,0.0,35.0,16.0,1.8,0.0
2026-05-08,2026,5,8,4,Uppal SPCB,50.0,Good,30.0,26.0,20.0,7.9,14.6,4.4,25.0,50.0,5.0,0.0
2026-05-08,2026,5,8,4,Zoo Park SPCB,38.0,Good,22.8,20.0,2.3,0.7,9.5,5.6,26.9,70.0,0.75,0.0
2026-05-09,2026,5,9,5,Balanagar SPCB,156.0,Moderate,76.8,83.0,17.4,3.1,7.6,0.1,26.9375,25.58,0.735,0.0
2026-05-09,2026,5,9,5,HITEC City,70.0,Satisfactory,42.0,22.0,10.1,0.0,25.2,0.0,15.8,87.4,0.3,0.0
2026-05-09,2026,5,9,5,IDA Pashamylaram SPCB,40.0,Good,24.0,11.0,5.2,2.8,23.7,0.9,26.0,85.0,1.6,0.0
2026-05-09,2026,5,9,5,Sanathnagar SPCB,25.0,Good,15.0,0.0,20.7,3.7,7.4,6.6,37.3,63.0,0.8,0.0
2026-05-09,2026,5,9,5,US Consulate,93.0,Satisfactory,55.8,0.0,0.0,0.0,0.0,0.0,35.0,16.0,1.8,0.0
2026-05-09,2026,5,9,5,Uppal SPCB,59.0,Satisfactory,35.4,20.0,24.9,4.5,9.9,5.6,25.0,50.0,5.0,0.0
2026-05-09,2026,5,9,5,Zoo Park SPCB,23.0,Good,13.8,13.0,2.0,0.7,9.8,8.3,26.6,67.0,1.2,0.0
2026-05-10,2026,5,10,6,Balanagar SPCB,135.0,Moderate,70.5,53.0,13.0,4.0,12.2,0.1,28.33,26.07,0.9466666666666668,0.0
2026-05-10,2026,5,10,6,HITEC City,70.0,Satisfactory,42.0,22.0,10.1,0.0,25.2,0.0,15.8,87.4,0.3,0.0
2026-05-10,2026,5,10,6,IDA Pashamylaram SPCB,24.0,Good,14.4,7.0,5.0,5.8,23.2,2.3,22.0,85.33333333333333,2.033333333333333,0.0
2026-05-10,2026,5,10,6,Sanathnagar SPCB,17.0,Good,10.2,0.0,92.8,3.2,169.9,7.1,37.23333333333333,59.333333333333336,0.7999999999999999,0.0
2026-05-10,2026,5,10,6,US Consulate,93.0,Satisfactory,55.8,0.0,0.0,0.0,0.0,0.0,35.0,16.0,1.8,0.0
2026-05-10,2026,5,10,6,Uppal SPCB,42.0,Good,25.2,24.0,18.3,6.2,27.1,4.3,25.0,50.0,5.0,0.0
2026-05-10,2026,5,10,6,Zoo Park SPCB,160.0,Moderate,78.0,118.0,1.9,0.8,9.4,9.0,26.53333333333333,66.33333333333333,1.2333333333333334,0.0
2026-05-11,2026,5,11,0,Balanagar SPCB,153.0,Moderate,75.9,92.0,13.4,2.8,7.8,0.1,30.35,26.39,1.36,0.0
2026-05-11,2026,5,11,0,HITEC City,70.0,Satisfactory,42.0,22.0,10.1,0.0,25.2,0.0,15.8,87.4,0.3,0.0
2026-05-11,2026,5,11,0,IDA Pashamylaram SPCB,38.0,Good,22.8,10.0,5.0,1.8,23.0,3.6,21.0,71.5,1.5,0.0
2026-05-11,2026,5,11,0,Sanathnagar SPCB,30.0,Good,18.0,0.0,92.8,4.4,169.9,6.9,37.45,48.5,0.95,0.0
2026-05-11,2026,5,11,0,US Consulate,93.0,Satisfactory,55.8,0.0,0.0,0.0,0.0,0.0,35.0,16.0,1.8,0.0
2026-05-11,2026,5,11,0,Uppal SPCB,59.0,Satisfactory,35.4,35.0,20.9,6.6,27.2,4.4,25.0,50.0,5.0,0.0
2026-05-11,2026,5,11,0,Zoo Park SPCB,163.0,Moderate,78.9,121.0,2.1,0.8,9.2,7.8,27.15,56.5,0.9,0.0
2026-06-04,2026,6,4,3,Balanagar SPCB,158.0,Moderate,77.4,176.5,16.5,6.6,21.7,0.1,29.56,26.17,0.81,0.0
2026-06-04,2026,6,4,3,HITEC City,70.0,Satisfactory,42.0,22.0,10.1,0.0,25.2,0.0,15.8,87.4,0.3,0.0
2026-06-04,2026,6,4,3,IDA Pashamylaram SPCB,104.0,Moderate,61.2,55.0,16.7,8.6,22.3,1.5,29.549999999999997,68.0,0.2,0.0
2026-06-04,2026,6,4,3,Sanathnagar SPCB,53.0,Satisfactory,31.8,0.0,17.9,3.0,6.4,6.7,21.25,48.5,3.4,0.0
2026-06-04,2026,6,4,3,US Consulate,93.0,Satisfactory,55.8,0.0,0.0,0.0,0.0,0.0,35.0,16.0,1.8,0.0
2026-06-04,2026,6,4,3,Uppal SPCB,55.0,Satisfactory,33.0,25.0,7.5,2.8,36.1,3.6,25.0,50.0,5.0,0.0
2026-06-04,2026,6,4,3,Zoo Park SPCB,53.0,Satisfactory,31.8,29.0,1.7,0.8,9.6,2.6,29.35,51.5,0.8,0.0
2026-06-07,2026,6,7,6,Balanagar SPCB,79.0,Satisfactory,47.4,72.0,29.3,2.1,16.8,0.1,29.7125,24.925,1.5525,0.0
2026-06-07,2026,6,7,6,HITEC City,70.0,Satisfactory,42.0,22.0,10.1,0.0,25.2,0.0,15.8,87.4,0.3,0.0
2026-06-07,2026,6,7,6,IDA Pashamylaram SPCB,45.0,Good,27.0,17.0,4.2,2.2,20.8,0.7,30.5,95.0,0.2,0.0
2026-06-07,2026,6,7,6,Sanathnagar SPCB,57.0,Satisfactory,34.2,0.0,21.1,4.2,7.6,6.5,22.7,64.0,2.3,0.0
2026-06-07,2026,6,7,6,US Consulate,93.0,Satisfactory,55.8,0.0,0.0,0.0,0.0,0.0,35.0,16.0,1.8,0.0
2026-06-07,2026,6,7,6,Uppal SPCB,50.0,Good,30.0,17.0,8.8,3.0,15.6,3.3,25.0,50.0,5.0,0.0
2026-06-07,2026,6,7,6,Zoo Park SPCB,13.0,Good,7.8,6.0,1.4,0.8,10.2,7.1,27.6,75.0,1.0,0.0
2026-06-08,2026,6,8,0,Balanagar SPCB,242.0,Poor,102.6,66.0,25.7,0.7,10.7,0.1,30.25,25.759999999999998,0.875,0.0
2026-06-08,2026,6,8,0,HITEC City,70.0,Satisfactory,42.0,22.0,10.1,0.0,25.2,0.0,15.8,87.4,0.3,0.0
2026-06-08,2026,6,8,0,IDA Pashamylaram SPCB,54.0,Satisfactory,32.4,22.0,3.5,1.8,24.2,1.5,30.7,98.0,0.2,0.0
2026-06-08,2026,6,8,0,Sanathnagar SPCB,38.0,Good,22.8,0.0,18.6,2.9,6.6,5.8,23.3,67.0,2.5,0.0
2026-06-08,2026,6,8,0,US Consulate,93.0,Satisfactory,55.8,0.0,0.0,0.0,0.0,0.0,35.0,16.0,1.8,0.0
2026-06-08,2026,6,8,0,Uppal SPCB,61.0,Satisfactory,36.6,35.0,24.4,6.6,18.6,4.4,25.0,50.0,5.0,0.0
2026-06-08,2026,6,8,0,Zoo Park SPCB,28.0,Good,16.8,14.0,1.3,0.7,10.0,8.8,27.9,74.0,1.3,0.0
2026-06-09,2026,6,9,1,Balanagar SPCB,68.0,Satisfactory,40.8,66.0,20.2,7.1,12.3,0.1,28.77,25.82,0.8,0.0
2026-06-09,2026,6,9,1,HITEC City,70.0,Satisfactory,42.0,22.0,10.1,0.0,25.2,0.0,15.8,87.4,0.3,0.0
2026-06-09,2026,6,9,1,IDA Pashamylaram SPCB,45.0,Good,27.0,17.0,4.4,2.3,18.7,0.6,30.3,100.0,0.2,0.0
2026-06-09,2026,6,9,1,Sanathnagar SPCB,67.0,Satisfactory,40.2,0.0,13.8,4.5,6.7,7.1,25.6,69.0,2.1,0.0
2026-06-09,2026,6,9,1,US Consulate,93.0,Satisfactory,55.8,0.0,0.0,0.0,0.0,0.0,35.0,16.0,1.8,0.0
2026-06-09,2026,6,9,1,Uppal SPCB,50.0,Good,30.0,20.0,21.6,4.0,27.5,3.6,25.0,50.0,5.0,0.0
2026-06-09,2026,6,9,1,Zoo Park SPCB,59.0,Satisfactory,35.4,34.0,2.4,0.8,11.0,5.8,31.6,51.0,0.9,0.0
2026-06-10,2026,6,10,2,Balanagar SPCB,87.0,Satisfactory,52.2,74.0,24.6,2.9,14.2,0.1,31.65,25.155,1.2650000000000001,0.0
2026-06-10,2026,6,10,2,HITEC City,70.0,Satisfactory,42.0,22.0,10.1,0.0,25.2,0.0,15.8,87.4,0.3,0.0
2026-06-10,2026,6,10,2,IDA Pashamylaram SPCB,57.0,Satisfactory,34.2,24.0,9.6,5.0,12.0,3.3,27.2,90.33333333333333,0.20000000000000004,0.0
2026-06-10,2026,6,10,2,Sanathnagar SPCB,66.0,Satisfactory,39.6,0.0,14.3,15.7,7.0,6.1,24.833333333333332,61.333333333333336,2.1333333333333333,0.0
2026-06-10,2026,6,10,2,US Consulate,93.0,Satisfactory,55.8,0.0,0.0,0.0,0.0,0.0,35.0,16.0,1.8,0.0
2026-06-10,2026,6,10,2,Uppal SPCB,93.0,Satisfactory,55.8,31.0,30.0,4.3,20.4,3.9,25.0,50.0,5.0,0.0
2026-06-10,2026,6,10,2,Zoo Park SPCB,59.0,Satisfactory,35.4,34.0,2.4,0.8,11.0,5.8,31.6,51.0,0.9,0.0
2026-06-11,2026,6,11,3,Balanagar SPCB,29.0,Good,17.4,22.0,32.1,0.8,8.4,0.1,24.33,25.386666666666667,2.86,0.0
2026-06-11,2026,6,11,3,HITEC City,70.0,Satisfactory,42.0,22.0,10.1,0.0,25.2,0.0,15.8,87.4,0.3,0.0
2026-06-11,2026,6,11,3,IDA Pashamylaram SPCB,85.0,Satisfactory,51.0,58.0,7.9,4.1,12.0,1.7,26.5,86.0,0.2,0.0
2026-06-11,2026,6,11,3,Sanathnagar SPCB,68.0,Satisfactory,40.8,0.0,12.4,0.6,6.1,7.3,24.8,62.0,2.0,0.0
2026-06-11,2026,6,11,3,US Consulate,93.0,Satisfactory,55.8,0.0,0.0,0.0,0.0,0.0,35.0,16.0,1.8,0.0
2026-06-11,2026,6,11,3,Uppal SPCB,74.0,Satisfactory,44.4,33.0,8.0,3.0,54.4,3.8,25.0,50.0,5.0,0.0
2026-06-11,2026,6,11,3,Zoo Park SPCB,53.0,Satisfactory,31.8,28.0,2.9,0.8,9.2,5.0,28.7,68.0,0.8,0.0
2026-06-12,2026,6,12,4,Balanagar SPCB,30.0,Good,18.0,30.0,10.3,0.7,11.2,0.1,24.07,26.433333333333337,2.185,0.0
2026-06-12,2026,6,12,4,HITEC City,70.0,Satisfactory,42.0,22.0,10.1,0.0,25.2,0.0,15.8,87.4,0.3,0.0
2026-06-12,2026,6,12,4,IDA Pashamylaram SPCB,46.0,Good,27.6,34.0,7.2,3.7,12.2,1.6,26.4,114.0,0.2,0.0
2026-06-12,2026,6,12,4,Sanathnagar SPCB,38.0,Good,22.8,0.0,14.6,4.9,7.1,6.6,39.9,70.0,1.5,0.0
2026-06-12,2026,6,12,4,US Consulate,93.0,Satisfactory,55.8,0.0,0.0,0.0,0.0,0.0,35.0,16.0,1.8,0.0
2026-06-12,2026,6,12,4,Uppal SPCB,72.0,Satisfactory,43.2,31.0,26.8,3.8,9.2,4.8,25.0,50.0,5.0,0.0
2026-06-12,2026,6,12,4,Zoo Park SPCB,107.0,Moderate,62.1,67.0,3.3,0.8,9.1,10.7,28.75,58.0,1.65,0.0
2026-06-13,2026,6,13,5,Balanagar SPCB,87.0,Satisfactory,52.2,82.0,23.2,7.4,12.7,0.1,26.8825,23.37,0.995,0.0
2026-06-13,2026,6,13,5,HITEC City,70.0,Satisfactory,42.0,22.0,10.1,0.0,25.2,0.0,15.8,87.4,0.3,0.0
2026-06-13,2026,6,13,5,IDA Pashamylaram SPCB,69.0,Satisfactory,41.4,51.0,10.8,5.6,12.4,2.3,28.3,99.0,0.2,0.0
2026-06-13,2026,6,13,5,Sanathnagar SPCB,61.0,Satisfactory,36.6,0.0,12.4,3.7,6.1,5.6,18.0,64.0,2.4,0.0
2026-06-13,2026,6,13,5,US Consulate,93.0,Satisfactory,55.8,0.0,0.0,0.0,0.0,0.0,35.0,16.0,1.8,0.0
2026-06-13,2026,6,13,5,Uppal SPCB,53.0,Satisfactory,31.8,24.0,10.3,4.3,30.4,4.0,25.0,50.0,5.0,0.0
2026-06-13,2026,6,13,5,Zoo Park SPCB,34.0,Good,20.4,18.0,3.0,0.6,9.8,7.5,30.099999999999998,85.5,0.85,0.0
2026-06-14,2026,6,14,6,Balanagar SPCB,83.0,Satisfactory,49.8,33.0,22.0,0.7,9.7,0.1,28.3,22.39,1.5,0.0
2026-06-14,2026,6,14,6,HITEC City,70.0,Satisfactory,42.0,22.0,10.1,0.0,25.2,0.0,15.8,87.4,0.3,0.0
2026-06-14,2026,6,14,6,IDA Pashamylaram SPCB,82.0,Satisfactory,49.2,57.0,3.3,1.7,12.6,0.9,27.1,91.0,0.2,0.0
2026-06-14,2026,6,14,6,Sanathnagar SPCB,61.0,Satisfactory,36.6,0.0,16.0,4.0,7.8,5.5,20.4,59.0,1.4,0.0
2026-06-14,2026,6,14,6,US Consulate,93.0,Satisfactory,55.8,0.0,0.0,0.0,0.0,0.0,35.0,16.0,1.8,0.0
2026-06-14,2026,6,14,6,Uppal SPCB,63.0,Satisfactory,37.8,30.0,22.8,3.2,18.7,4.2,25.0,50.0,5.0,0.0
2026-06-14,2026,6,14,6,Zoo Park SPCB,50.0,Good,30.0,27.0,2.9,0.5,8.9,3.0,29.5,73.0,0.5,0.0
2026-06-15,2026,6,15,0,Balanagar SPCB,94.0,Satisfactory,56.4,103.0,31.8,4.3,1.6,0.1,26.68,22.84,0.34,0.0
2026-06-15,2026,6,15,0,HITEC City,70.0,Satisfactory,42.0,22.0,10.1,0.0,25.2,0.0,15.8,87.4,0.3,0.0
2026-06-15,2026,6,15,0,IDA Pashamylaram SPCB,103.0,Moderate,60.9,67.0,18.2,9.4,12.3,3.7,26.55,79.0,0.2,0.0
2026-06-15,2026,6,15,0,Sanathnagar SPCB,69.0,Satisfactory,41.4,0.0,35.1,4.2,37.0,6.9,26.0,50.0,1.9500000000000002,0.0
2026-06-15,2026,6,15,0,US Consulate,93.0,Satisfactory,55.8,0.0,0.0,0.0,0.0,0.0,35.0,16.0,1.8,0.0
2026-06-15,2026,6,15,0,Uppal SPCB,72.0,Satisfactory,43.2,31.0,23.7,3.8,22.0,4.4,25.0,50.0,5.0,0.0
2026-06-15,2026,6,15,0,Zoo Park SPCB,91.0,Satisfactory,54.6,59.0,3.2,0.8,9.8,3.6,30.15,62.5,0.75,0.0
2026-06-16,2026,6,16,1,Balanagar SPCB,66.0,Satisfactory,39.6,25.0,22.4,3.5,13.0,0.1,25.07,22.14,1.05,0.0
2026-06-16,2026,6,16,1,HITEC City,70.0,Satisfactory,42.0,22.0,10.1,0.0,25.2,0.0,15.8,87.4,0.3,0.0
2026-06-16,2026,6,16,1,IDA Pashamylaram SPCB,112.0,Moderate,63.6,70.0,18.9,9.8,12.5,5.7,26.45,71.0,0.2,0.0
2026-06-16,2026,6,16,1,Sanathnagar SPCB,64.0,Satisfactory,38.4,0.0,16.9,3.7,8.3,8.7,25.7,50.5,1.15,0.0
2026-06-16,2026,6,16,1,US Consulate,93.0,Satisfactory,55.8,0.0,0.0,0.0,0.0,0.0,35.0,16.0,1.8,0.0
2026-06-16,2026,6,16,1,Uppal SPCB,61.0,Satisfactory,36.6,26.0,28.9,4.8,18.9,4.6,25.0,50.0,5.0,0.0
2026-06-16,2026,6,16,1,Zoo Park SPCB,105.0,Moderate,61.5,66.0,3.2,0.7,9.6,1.0,30.1,71.5,0.3,0.0
2026-06-17,2026,6,17,2,Balanagar SPCB,143.0,Moderate,72.9,170.5,25.5,2.6,2.7,0.1,29.4425,23.7075,0.6425000000000001,0.0
2026-06-17,2026,6,17,2,HITEC City,70.0,Satisfactory,42.0,22.0,10.1,0.0,25.2,0.0,15.8,87.4,0.3,0.0
2026-06-17,2026,6,17,2,IDA Pashamylaram SPCB,66.0,Satisfactory,39.6,50.0,13.0,6.7,12.5,3.5,26.5,82.0,0.2,0.0
2026-06-17,2026,6,17,2,Sanathnagar SPCB,59.0,Satisfactory,35.4,0.0,27.4,7.4,13.4,7.1,27.1,52.0,0.9,0.0
2026-06-17,2026,6,17,2,US Consulate,93.0,Satisfactory,55.8,0.0,0.0,0.0,0.0,0.0,35.0,16.0,1.8,0.0
2026-06-17,2026,6,17,2,Uppal SPCB,59.0,Satisfactory,35.4,20.0,16.4,3.8,43.7,3.6,25.0,50.0,5.0,0.0
2026-06-17,2026,6,17,2,Zoo Park SPCB,76.0,Satisfactory,45.6,52.0,2.2,0.6,6.1,3.6,937.7,41.0,0.6,0.0
2026-06-18,2026,6,18,3,Balanagar SPCB,70.0,Satisfactory,42.0,57.0,17.4,4.5,15.4,0.1,27.136666666666667,23.103333333333335,1.01,0.0
2026-06-18,2026,6,18,3,HITEC City,70.0,Satisfactory,42.0,22.0,10.1,0.0,25.2,0.0,15.8,87.4,0.3,0.0
2026-06-18,2026,6,18,3,IDA Pashamylaram SPCB,68.0,Satisfactory,40.8,51.0,6.5,3.4,12.4,4.1,26.674999999999997,94.25,0.2,0.0
2026-06-18,2026,6,18,3,Sanathnagar SPCB,48.0,Good,28.8,0.0,25.9,3.4,12.6,6.6,24.65,68.25,1.925,0.0
2026-06-18,2026,6,18,3,US Consulate,93.0,Satisfactory,55.8,0.0,0.0,0.0,0.0,0.0,35.0,16.0,1.8,0.0
2026-06-18,2026,6,18,3,Uppal SPCB,65.0,Satisfactory,39.0,20.0,22.2,2.9,20.6,4.3,25.0,50.0,5.0,0.0
2026-06-18,2026,6,18,3,Zoo Park SPCB,151.0,Moderate,75.3,77.0,3.6,1.1,10.0,6.0,29.1,51.0,0.9,0.0
2026-06-19,2026,6,19,4,Balanagar SPCB,86.0,Satisfactory,51.6,71.0,18.6,0.7,14.7,0.1,29.2175,23.25,1.0,0.0
2026-06-19,2026,6,19,4,HITEC City,70.0,Satisfactory,42.0,22.0,10.1,0.0,25.2,0.0,15.8,87.4,0.3,0.0
2026-06-19,2026,6,19,4,IDA Pashamylaram SPCB,69.0,Satisfactory,41.4,51.0,4.7,2.4,12.5,3.6,26.6,66.0,0.2,0.0
2026-06-19,2026,6,19,4,Sanathnagar SPCB,54.0,Satisfactory,32.4,0.0,13.0,2.6,6.4,7.3,27.3,50.0,1.3,0.0
2026-06-19,2026,6,19,4,US Consulate,93.0,Satisfactory,55.8,0.0,0.0,0.0,0.0,0.0,35.0,16.0,1.8,0.0
2026-06-19,2026,6,19,4,Uppal SPCB,17.0,Good,10.2,8.0,9.1,2.3,28.6,3.6,25.0,50.0,5.0,0.0
2026-06-19,2026,6,19,4,Zoo Park SPCB,79.0,Satisfactory,47.4,45.0,3.1,0.7,9.4,1.7,29.1,57.0,0.2,0.0
2026-06-20,2026,6,20,5,Balanagar SPCB,84.0,Satisfactory,50.4,93.0,22.0,2.8,13.7,0.1,30.685000000000002,23.555,1.155,0.0
2026-06-20,2026,6,20,5,HITEC City,70.0,Satisfactory,42.0,22.0,10.1,0.0,25.2,0.0,15.8,87.4,0.3,0.0
2026-06-20,2026,6,20,5,IDA Pashamylaram SPCB,76.0,Satisfactory,45.6,54.0,0.6,0.4,14.1,3.8,26.3,111.0,0.2,0.0
2026-06-20,2026,6,20,5,Sanathnagar SPCB,61.0,Satisfactory,36.6,0.0,19.3,2.9,9.5,6.2,25.2,76.0,2.0,0.0
2026-06-20,2026,6,20,5,US Consulate,93.0,Satisfactory,55.8,0.0,0.0,0.0,0.0,0.0,35.0,16.0,1.8,0.0
2026-06-20,2026,6,20,5,Uppal SPCB,17.0,Good,10.2,8.0,7.6,3.6,33.6,2.8,25.0,50.0,5.0,0.0
2026-06-20,2026,6,20,5,Zoo Park SPCB,11.0,Good,6.6,5.0,2.9,0.7,9.2,6.3,29.0,84.0,0.9,0.0
2026-06-21,2026,6,21,6,Balanagar SPCB,127.0,Moderate,68.1,33.0,16.0,0.7,7.6,0.1,27.08,23.65,1.27,0.0
2026-06-21,2026,6,21,6,HITEC City,70.0,Satisfactory,42.0,22.0,10.1,0.0,25.2,0.0,15.8,87.4,0.3,0.0
2026-06-21,2026,6,21,6,IDA Pashamylaram SPCB,77.0,Satisfactory,46.2,55.0,0.3,0.2,14.9,4.1,26.6,90.0,0.2,0.0
2026-06-21,2026,6,21,6,Sanathnagar SPCB,58.0,Satisfactory,34.8,0.0,15.5,2.3,37.2,6.2,23.5,61.0,1.9,0.0
2026-06-21,2026,6,21,6,US Consulate,93.0,Satisfactory,55.8,0.0,0.0,0.0,0.0,0.0,35.0,16.0,1.8,0.0
2026-06-21,2026,6,21,6,Uppal SPCB,46.0,Good,27.6,16.0,17.6,3.5,18.9,3.8,25.0,50.0,5.0,0.0
2026-06-21,2026,6,21,6,Zoo Park SPCB,112.0,Moderate,63.6,61.0,3.6,0.9,10.0,4.4,28.975,67.0,0.8,0.0
2026-06-22,2026,6,22,0,Balanagar SPCB,133.0,Moderate,69.9,67.0,25.2,5.4,136.1,0.1,27.99,22.87,0.99,0.0
2026-06-22,2026,6,22,0,HITEC City,70.0,Satisfactory,42.0,22.0,10.1,0.0,25.2,0.0,15.8,87.4,0.3,0.0
2026-06-22,2026,6,22,0,IDA Pashamylaram SPCB,36.0,Good,21.6,30.0,4.6,2.4,14.0,3.1,26.35,114.5,0.2,0.0
2026-06-22,2026,6,22,0,Sanathnagar SPCB,50.0,Good,30.0,0.0,14.6,0.2,7.1,8.6,26.2,81.0,1.6,0.0
2026-06-22,2026,6,22,0,US Consulate,93.0,Satisfactory,55.8,0.0,0.0,0.0,0.0,0.0,35.0,16.0,1.8,0.0
2026-06-22,2026,6,22,0,Uppal SPCB,59.0,Satisfactory,35.4,27.0,17.9,3.9,18.0,4.0,25.0,50.0,5.0,0.0
2026-06-22,2026,6,22,0,Zoo Park SPCB,12.0,Good,7.2,5.0,2.8,0.8,8.6,11.6,29.5,90.0,1.4,0.0
2026-06-23,2026,6,23,1,Balanagar SPCB,155.0,Moderate,76.5,72.0,20.9,1.2,8.0,0.1,33.440000000000005,24.773333333333337,0.9666666666666668,0.0
2026-06-23,2026,6,23,1,HITEC City,70.0,Satisfactory,42.0,22.0,10.1,0.0,25.2,0.0,15.8,87.4,0.3,0.0
2026-06-23,2026,6,23,1,IDA Pashamylaram SPCB,55.0,Satisfactory,33.0,40.0,3.5,1.8,13.3,0.9,23.600000000000005,91.66666666666667,0.20000000000000004,0.0
2026-06-23,2026,6,23,1,Sanathnagar SPCB,62.0,Satisfactory,37.2,0.0,15.0,4.3,7.3,8.6,25.03333333333333,64.66666666666667,1.7,0.0
2026-06-23,2026,6,23,1,US Consulate,93.0,Satisfactory,55.8,0.0,0.0,0.0,0.0,0.0,35.0,16.0,1.8,0.0
2026-06-23,2026,6,23,1,Uppal SPCB,38.0,Good,22.8,9.0,13.3,4.0,21.0,3.3,25.0,50.0,5.0,0.0
2026-06-23,2026,6,23,1,Zoo Park SPCB,15.0,Good,9.0,6.0,2.7,0.9,8.9,7.9,28.76666666666667,75.0,1.2333333333333334,0.0
2026-06-24,2026,6,24,2,Balanagar SPCB,155.0,Moderate,76.5,72.0,20.9,1.2,8.0,0.1,33.440000000000005,24.773333333333337,0.9666666666666668,0.0
2026-06-24,2026,6,24,2,HITEC City,70.0,Satisfactory,42.0,22.0,10.1,0.0,25.2,0.0,15.8,87.4,0.3,0.0
2026-06-24,2026,6,24,2,IDA Pashamylaram SPCB,55.0,Satisfactory,33.0,40.0,3.5,1.8,13.3,0.9,23.600000000000005,91.66666666666667,0.20000000000000004,0.0
2026-06-24,2026,6,24,2,Sanathnagar SPCB,62.0,Satisfactory,37.2,0.0,15.0,4.3,7.3,8.6,25.03333333333333,64.66666666666667,1.7,0.0
2026-06-24,2026,6,24,2,US Consulate,93.0,Satisfactory,55.8,0.0,0.0,0.0,0.0,0.0,35.0,16.0,1.8,0.0
2026-06-24,2026,6,24,2,Uppal SPCB,30.0,Good,18.0,12.0,13.4,4.2,21.7,3.3,25.0,50.0,5.0,0.0
2026-06-24,2026,6,24,2,Zoo Park SPCB,15.0,Good,9.0,6.0,2.7,0.9,8.9,7.9,28.76666666666667,75.0,1.2333333333333334,0.0
2026-06-25,2026,6,25,3,Balanagar SPCB,155.0,Moderate,76.5,72.0,20.9,1.2,8.0,0.1,33.440000000000005,24.773333333333337,0.9666666666666668,0.0
2026-06-25,2026,6,25,3,HITEC City,70.0,Satisfactory,42.0,22.0,10.1,0.0,25.2,0.0,15.8,87.4,0.3,0.0
2026-06-25,2026,6,25,3,IDA Pashamylaram SPCB,55.0,Satisfactory,33.0,40.0,3.5,1.8,13.3,0.9,23.600000000000005,91.66666666666667,0.20000000000000004,0.0
2026-06-25,2026,6,25,3,Sanathnagar SPCB,62.0,Satisfactory,37.2,0.0,15.0,4.3,7.3,8.6,25.03333333333333,64.66666666666667,1.7,0.0
2026-06-25,2026,6,25,3,US Consulate,93.0,Satisfactory,55.8,0.0,0.0,0.0,0.0,0.0,35.0,16.0,1.8,0.0
2026-06-25,2026,6,25,3,Uppal SPCB,21.0,Good,12.6,6.0,8.8,3.3,17.5,3.3,25.0,50.0,5.0,0.0
2026-06-25,2026,6,25,3,Zoo Park SPCB,15.0,Good,9.0,6.0,2.7,0.9,8.9,7.9,28.76666666666667,75.0,1.2333333333333334,0.0
2026-06-26,2026,6,26,4,Balanagar SPCB,155.0,Moderate,76.5,72.0,20.9,1.2,8.0,0.1,33.440000000000005,24.773333333333337,0.9666666666666668,0.0
2026-06-26,2026,6,26,4,HITEC City,70.0,Satisfactory,42.0,22.0,10.1,0.0,25.2,0.0,15.8,87.4,0.3,0.0
2026-06-26,2026,6,26,4,IDA Pashamylaram SPCB,55.0,Satisfactory,33.0,40.0,3.5,1.8,13.3,0.9,23.600000000000005,91.66666666666667,0.20000000000000004,0.0
2026-06-26,2026,6,26,4,Sanathnagar SPCB,62.0,Satisfactory,37.2,0.0,15.0,4.3,7.3,8.6,25.03333333333333,64.66666666666667,1.7,0.0
2026-06-26,2026,6,26,4,US Consulate,93.0,Satisfactory,55.8,0.0,0.0,0.0,0.0,0.0,35.0,16.0,1.8,0.0
2026-06-26,2026,6,26,4,Uppal SPCB,76.0,Satisfactory,45.6,34.0,18.1,3.2,14.0,4.4,25.0,50.0,5.0,0.0
2026-06-26,2026,6,26,4,Zoo Park SPCB,15.0,Good,9.0,6.0,2.7,0.9,8.9,7.9,28.76666666666667,75.0,1.2333333333333334,0.0
2026-06-27,2026,6,27,5,Balanagar SPCB,155.0,Moderate,76.5,72.0,20.9,1.2,8.0,0.1,33.440000000000005,24.773333333333337,0.9666666666666668,0.0
2026-06-27,2026,6,27,5,HITEC City,70.0,Satisfactory,42.0,22.0,10.1,0.0,25.2,0.0,15.8,87.4,0.3,0.0
2026-06-27,2026,6,27,5,IDA Pashamylaram SPCB,55.0,Satisfactory,33.0,40.0,3.5,1.8,13.3,0.9,23.600000000000005,91.66666666666667,0.20000000000000004,0.0
2026-06-27,2026,6,27,5,Sanathnagar SPCB,62.0,Satisfactory,37.2,0.0,15.0,4.3,7.3,8.6,25.03333333333333,64.66666666666667,1.7,0.0
2026-06-27,2026,6,27,5,US Consulate,93.0,Satisfactory,55.8,0.0,0.0,0.0,0.0,0.0,35.0,16.0,1.8,0.0
2026-06-27,2026,6,27,5,Uppal SPCB,57.0,Satisfactory,34.2,22.0,17.7,3.2,32.8,4.0,25.0,50.0,5.0,0.0
2026-06-27,2026,6,27,5,Zoo Park SPCB,15.0,Good,9.0,6.0,2.7,0.9,8.9,7.9,28.76666666666667,75.0,1.2333333333333334,0.0
2026-06-28,2026,6,28,6,Balanagar SPCB,155.0,Moderate,76.5,72.0,20.9,1.2,8.0,0.1,33.440000000000005,24.773333333333337,0.9666666666666668,0.0
2026-06-28,2026,6,28,6,HITEC City,70.0,Satisfactory,42.0,22.0,10.1,0.0,25.2,0.0,15.8,87.4,0.3,0.0
2026-06-28,2026,6,28,6,IDA Pashamylaram SPCB,55.0,Satisfactory,33.0,40.0,3.5,1.8,13.3,0.9,23.600000000000005,91.66666666666667,0.20000000000000004,0.0
2026-06-28,2026,6,28,6,Sanathnagar SPCB,62.0,Satisfactory,37.2,0.0,15.0,4.3,7.3,8.6,25.03333333333333,64.66666666666667,1.7,0.0
2026-06-28,2026,6,28,6,US Consulate,93.0,Satisfactory,55.8,0.0,0.0,0.0,0.0,0.0,35.0,16.0,1.8,0.0
2026-06-28,2026,6,28,6,Uppal SPCB,57.0,Satisfactory,34.2,14.0,9.3,3.5,32.7,4.2,25.0,50.0,5.0,0.0
2026-06-28,2026,6,28,6,Zoo Park SPCB,15.0,Good,9.0,6.0,2.7,0.9,8.9,7.9,28.76666666666667,75.0,1.2333333333333334,0.0
2026-06-29,2026,6,29,0,Balanagar SPCB,155.0,Moderate,76.5,72.0,20.9,1.2,8.0,0.1,33.440000000000005,24.773333333333337,0.9666666666666668,0.0
2026-06-29,2026,6,29,0,HITEC City,70.0,Satisfactory,42.0,22.0,10.1,0.0,25.2,0.0,15.8,87.4,0.3,0.0
2026-06-29,2026,6,29,0,IDA Pashamylaram SPCB,55.0,Satisfactory,33.0,40.0,3.5,1.8,13.3,0.9,23.600000000000005,91.66666666666667,0.20000000000000004,0.0
2026-06-29,2026,6,29,0,Sanathnagar SPCB,62.0,Satisfactory,37.2,0.0,15.0,4.3,7.3,8.6,25.03333333333333,64.66666666666667,1.7,0.0
2026-06-29,2026,6,29,0,US Consulate,93.0,Satisfactory,55.8,0.0,0.0,0.0,0.0,0.0,35.0,16.0,1.8,0.0
2026-06-29,2026,6,29,0,Uppal SPCB,46.0,Good,27.6,15.0,9.9,3.9,30.9,3.6,25.0,50.0,5.0,0.0
2026-06-29,2026,6,29,0,Zoo Park SPCB,15.0,Good,9.0,6.0,2.7,0.9,8.9,7.9,28.76666666666667,75.0,1.2333333333333334,0.0
2026-06-30,2026,6,30,1,Balanagar SPCB,155.0,Moderate,76.5,72.0,20.9,1.2,8.0,0.1,33.440000000000005,24.773333333333337,0.9666666666666668,0.0
2026-06-30,2026,6,30,1,HITEC City,70.0,Satisfactory,42.0,22.0,10.1,0.0,25.2,0.0,15.8,87.4,0.3,0.0
2026-06-30,2026,6,30,1,IDA Pashamylaram SPCB,55.0,Satisfactory,33.0,40.0,3.5,1.8,13.3,0.9,23.600000000000005,91.66666666666667,0.20000000000000004,0.0
2026-06-30,2026,6,30,1,Sanathnagar SPCB,62.0,Satisfactory,37.2,0.0,15.0,4.3,7.3,8.6,25.03333333333333,64.66666666666667,1.7,0.0
2026-06-30,2026,6,30,1,US Consulate,93.0,Satisfactory,55.8,0.0,0.0,0.0,0.0,0.0,35.0,16.0,1.8,0.0
2026-06-30,2026,6,30,1,Uppal SPCB,59.0,Satisfactory,35.4,35.0,14.1,4.3,21.3,3.5,25.0,50.0,5.0,0.0
2026-06-30,2026,6,30,1,Zoo Park SPCB,15.0,Good,9.0,6.0,2.7,0.9,8.9,7.9,28.76666666666667,75.0,1.2333333333333334,0.0
2026-07-01,2026,7,1,2,Balanagar SPCB,155.0,Moderate,76.5,72.0,20.9,1.2,8.0,0.1,33.440000000000005,24.773333333333337,0.9666666666666668,0.0
2026-07-01,2026,7,1,2,HITEC City,70.0,Satisfactory,42.0,22.0,10.1,0.0,25.2,0.0,15.8,87.4,0.3,0.0
2026-07-01,2026,7,1,2,IDA Pashamylaram SPCB,55.0,Satisfactory,33.0,40.0,3.5,1.8,13.3,0.9,23.600000000000005,91.66666666666667,0.20000000000000004,0.0
2026-07-01,2026,7,1,2,Sanathnagar SPCB,62.0,Satisfactory,37.2,0.0,15.0,4.3,7.3,8.6,25.03333333333333,64.66666666666667,1.7,0.0
2026-07-01,2026,7,1,2,US Consulate,93.0,Satisfactory,55.8,0.0,0.0,0.0,0.0,0.0,35.0,16.0,1.8,0.0
2026-07-01,2026,7,1,2,Uppal SPCB,50.0,Good,30.0,25.0,20.6,3.2,17.6,4.4,25.0,50.0,5.0,0.0
2026-07-01,2026,7,1,2,Zoo Park SPCB,15.0,Good,9.0,6.0,2.7,0.9,8.9,7.9,28.76666666666667,75.0,1.2333333333333334,0.0
2026-07-02,2026,7,2,3,Balanagar SPCB,155.0,Moderate,76.5,72.0,20.9,1.2,8.0,0.1,33.440000000000005,24.773333333333337,0.9666666666666668,0.0
2026-07-02,2026,7,2,3,HITEC City,70.0,Satisfactory,42.0,22.0,10.1,0.0,25.2,0.0,15.8,87.4,0.3,0.0
2026-07-02,2026,7,2,3,IDA Pashamylaram SPCB,55.0,Satisfactory,33.0,40.0,3.5,1.8,13.3,0.9,23.600000000000005,91.66666666666667,0.20000000000000004,0.0
2026-07-02,2026,7,2,3,Sanathnagar SPCB,62.0,Satisfactory,37.2,0.0,15.0,4.3,7.3,8.6,25.03333333333333,64.66666666666667,1.7,0.0
2026-07-02,2026,7,2,3,US Consulate,93.0,Satisfactory,55.8,0.0,0.0,0.0,0.0,0.0,35.0,16.0,1.8,0.0
2026-07-02,2026,7,2,3,Uppal SPCB,34.0,Good,20.4,13.0,13.8,3.3,29.1,3.7,25.0,50.0,5.0,0.0
2026-07-02,2026,7,2,3,Zoo Park SPCB,15.0,Good,9.0,6.0,2.7,0.9,8.9,7.9,28.76666666666667,75.0,1.2333333333333334,0.0
2026-07-03,2026,7,3,4,Balanagar SPCB,155.0,Moderate,76.5,72.0,20.9,1.2,8.0,0.1,33.440000000000005,24.773333333333337,0.9666666666666668,0.0
2026-07-03,2026,7,3,4,HITEC City,70.0,Satisfactory,42.0,22.0,10.1,0.0,25.2,0.0,15.8,87.4,0.3,0.0
2026-07-03,2026,7,3,4,IDA Pashamylaram SPCB,55.0,Satisfactory,33.0,40.0,3.5,1.8,13.3,0.9,23.600000000000005,91.66666666666667,0.20000000000000004,0.0
2026-07-03,2026,7,3,4,Sanathnagar SPCB,62.0,Satisfactory,37.2,0.0,15.0,4.3,7.3,8.6,25.03333333333333,64.66666666666667,1.7,0.0
2026-07-03,2026,7,3,4,US Consulate,93.0,Satisfactory,55.8,0.0,0.0,0.0,0.0,0.0,35.0,16.0,1.8,0.0
2026-07-03,2026,7,3,4,Uppal SPCB,50.0,Good,30.0,20.0,13.7,2.6,37.1,4.5,25.0,50.0,5.0,0.0
2026-07-03,2026,7,3,4,Zoo Park SPCB,15.0,Good,9.0,6.0,2.7,0.9,8.9,7.9,28.76666666666667,75.0,1.2333333333333334,0.0
2026-07-04,2026,7,4,5,Balanagar SPCB,155.0,Moderate,76.5,72.0,20.9,1.2,8.0,0.1,33.440000000000005,24.773333333333337,0.9666666666666668,0.0
2026-07-04,2026,7,4,5,HITEC City,70.0,Satisfactory,42.0,22.0,10.1,0.0,25.2,0.0,15.8,87.4,0.3,0.0
2026-07-04,2026,7,4,5,IDA Pashamylaram SPCB,55.0,Satisfactory,33.0,40.0,3.5,1.8,13.3,0.9,23.600000000000005,91.66666666666667,0.20000000000000004,0.0
2026-07-04,2026,7,4,5,Sanathnagar SPCB,62.0,Satisfactory,37.2,0.0,15.0,4.3,7.3,8.6,25.03333333333333,64.66666666666667,1.7,0.0
2026-07-04,2026,7,4,5,US Consulate,93.0,Satisfactory,55.8,0.0,0.0,0.0,0.0,0.0,35.0,16.0,1.8,0.0
2026-07-04,2026,7,4,5,Uppal SPCB,53.0,Satisfactory,31.8,17.0,10.1,4.6,36.0,4.6,25.0,50.0,5.0,0.0
2026-07-04,2026,7,4,5,Zoo Park SPCB,15.0,Good,9.0,6.0,2.7,0.9,8.9,7.9,28.76666666666667,75.0,1.2333333333333334,0.0
2026-07-05,2026,7,5,6,Balanagar SPCB,155.0,Moderate,76.5,72.0,20.9,1.2,8.0,0.1,33.440000000000005,24.773333333333337,0.9666666666666668,0.0
2026-07-05,2026,7,5,6,HITEC City,70.0,Satisfactory,42.0,22.0,10.1,0.0,25.2,0.0,15.8,87.4,0.3,0.0
2026-07-05,2026,7,5,6,IDA Pashamylaram SPCB,55.0,Satisfactory,33.0,40.0,3.5,1.8,13.3,0.9,23.600000000000005,91.66666666666667,0.20000000000000004,0.0
2026-07-05,2026,7,5,6,Sanathnagar SPCB,62.0,Satisfactory,37.2,0.0,15.0,4.3,7.3,8.6,25.03333333333333,64.66666666666667,1.7,0.0
2026-07-05,2026,7,5,6,US Consulate,93.0,Satisfactory,55.8,0.0,0.0,0.0,0.0,0.0,35.0,16.0,1.8,0.0
2026-07-05,2026,7,5,6,Uppal SPCB,53.0,Satisfactory,31.8,27.0,12.3,4.6,26.2,4.4,25.0,50.0,5.0,0.0
2026-07-05,2026,7,5,6,Zoo Park SPCB,15.0,Good,9.0,6.0,2.7,0.9,8.9,7.9,28.76666666666667,75.0,1.2333333333333334,0.0
2026-07-06,2026,7,6,0,Balanagar SPCB,155.0,Moderate,76.5,72.0,20.9,1.2,8.0,0.1,33.440000000000005,24.773333333333337,0.9666666666666668,0.0
2026-07-06,2026,7,6,0,HITEC City,70.0,Satisfactory,42.0,22.0,10.1,0.0,25.2,0.0,15.8,87.4,0.3,0.0
2026-07-06,2026,7,6,0,IDA Pashamylaram SPCB,55.0,Satisfactory,33.0,40.0,3.5,1.8,13.3,0.9,23.600000000000005,91.66666666666667,0.20000000000000004,0.0
2026-07-06,2026,7,6,0,Sanathnagar SPCB,62.0,Satisfactory,37.2,0.0,15.0,4.3,7.3,8.6,25.03333333333333,64.66666666666667,1.7,0.0
2026-07-06,2026,7,6,0,US Consulate,93.0,Satisfactory,55.8,0.0,0.0,0.0,0.0,0.0,35.0,16.0,1.8,0.0
2026-07-06,2026,7,6,0,Uppal SPCB,17.0,Good,10.2,4.0,9.3,3.5,42.8,4.9,25.0,50.0,5.0,0.0
2026-07-06,2026,7,6,0,Zoo Park SPCB,15.0,Good,9.0,6.0,2.7,0.9,8.9,7.9,28.76666666666667,75.0,1.2333333333333334,0.0
2026-07-07,2026,7,7,1,Balanagar SPCB,155.0,Moderate,76.5,72.0,20.9,1.2,8.0,0.1,33.440000000000005,24.773333333333337,0.9666666666666668,0.0
2026-07-07,2026,7,7,1,HITEC City,70.0,Satisfactory,42.0,22.0,10.1,0.0,25.2,0.0,15.8,87.4,0.3,0.0
2026-07-07,2026,7,7,1,IDA Pashamylaram SPCB,55.0,Satisfactory,33.0,40.0,3.5,1.8,13.3,0.9,23.600000000000005,91.66666666666667,0.20000000000000004,0.0
2026-07-07,2026,7,7,1,Sanathnagar SPCB,62.0,Satisfactory,37.2,0.0,15.0,4.3,7.3,8.6,25.03333333333333,64.66666666666667,1.7,0.0
2026-07-07,2026,7,7,1,US Consulate,93.0,Satisfactory,55.8,0.0,0.0,0.0,0.0,0.0,35.0,16.0,1.8,0.0
2026-07-07,2026,7,7,1,Uppal SPCB,38.0,Good,22.8,16.0,8.7,3.5,11.2,1.9,25.0,50.0,5.0,0.0
2026-07-07,2026,7,7,1,Zoo Park SPCB,15.0,Good,9.0,6.0,2.7,0.9,8.9,7.9,28.76666666666667,75.0,1.2333333333333334,0.0
2026-07-08,2026,7,8,2,Balanagar SPCB,155.0,Moderate,76.5,72.0,20.9,1.2,8.0,0.1,33.440000000000005,24.773333333333337,0.9666666666666668,0.0
2026-07-08,2026,7,8,2,HITEC City,70.0,Satisfactory,42.0,22.0,10.1,0.0,25.2,0.0,15.8,87.4,0.3,0.0
2026-07-08,2026,7,8,2,IDA Pashamylaram SPCB,55.0,Satisfactory,33.0,40.0,3.5,1.8,13.3,0.9,23.600000000000005,91.66666666666667,0.20000000000000004,0.0
2026-07-08,2026,7,8,2,Sanathnagar SPCB,62.0,Satisfactory,37.2,0.0,15.0,4.3,7.3,8.6,25.03333333333333,64.66666666666667,1.7,0.0
2026-07-08,2026,7,8,2,US Consulate,93.0,Satisfactory,55.8,0.0,0.0,0.0,0.0,0.0,35.0,16.0,1.8,0.0
2026-07-08,2026,7,8,2,Uppal SPCB,61.0,Satisfactory,36.6,14.0,17.0,3.5,23.9,3.8,25.0,50.0,5.0,0.0
2026-07-08,2026,7,8,2,Zoo Park SPCB,15.0,Good,9.0,6.0,2.7,0.9,8.9,7.9,28.76666666666667,75.0,1.2333333333333334,0.0
2026-07-09,2026,7,9,3,Balanagar SPCB,155.0,Moderate,76.5,72.0,20.9,1.2,8.0,0.1,33.440000000000005,24.773333333333337,0.9666666666666668,0.0
2026-07-09,2026,7,9,3,HITEC City,70.0,Satisfactory,42.0,22.0,10.1,0.0,25.2,0.0,15.8,87.4,0.3,0.0
2026-07-09,2026,7,9,3,IDA Pashamylaram SPCB,55.0,Satisfactory,33.0,40.0,3.5,1.8,13.3,0.9,23.600000000000005,91.66666666666667,0.20000000000000004,0.0
2026-07-09,2026,7,9,3,Sanathnagar SPCB,62.0,Satisfactory,37.2,0.0,15.0,4.3,7.3,8.6,25.03333333333333,64.66666666666667,1.7,0.0
2026-07-09,2026,7,9,3,US Consulate,93.0,Satisfactory,55.8,0.0,0.0,0.0,0.0,0.0,35.0,16.0,1.8,0.0
2026-07-09,2026,7,9,3,Uppal SPCB,38.0,Good,22.8,18.0,14.7,4.6,9.0,2.8,25.0,50.0,5.0,0.0
2026-07-09,2026,7,9,3,Zoo Park SPCB,15.0,Good,9.0,6.0,2.7,0.9,8.9,7.9,28.76666666666667,75.0,1.2333333333333334,0.0
2026-07-10,2026,7,10,4,Balanagar SPCB,155.0,Moderate,76.5,72.0,20.9,1.2,8.0,0.1,33.440000000000005,24.773333333333337,0.9666666666666668,0.0
2026-07-10,2026,7,10,4,HITEC City,70.0,Satisfactory,42.0,22.0,10.1,0.0,25.2,0.0,15.8,87.4,0.3,0.0
2026-07-10,2026,7,10,4,IDA Pashamylaram SPCB,55.0,Satisfactory,33.0,40.0,3.5,1.8,13.3,0.9,23.600000000000005,91.66666666666667,0.20000000000000004,0.0
2026-07-10,2026,7,10,4,Sanathnagar SPCB,62.0,Satisfactory,37.2,0.0,15.0,4.3,7.3,8.6,25.03333333333333,64.66666666666667,1.7,0.0
2026-07-10,2026,7,10,4,US Consulate,93.0,Satisfactory,55.8,0.0,0.0,0.0,0.0,0.0,35.0,16.0,1.8,0.0
2026-07-10,2026,7,10,4,Uppal SPCB,50.0,Good,30.0,21.0,16.1,6.0,4.0,4.5,25.0,50.0,5.0,0.0
2026-07-10,2026,7,10,4,Zoo Park SPCB,15.0,Good,9.0,6.0,2.7,0.9,8.9,7.9,28.76666666666667,75.0,1.2333333333333334,0.0
2026-07-11,2026,7,11,5,Balanagar SPCB,155.0,Moderate,76.5,72.0,20.9,1.2,8.0,0.1,33.440000000000005,24.773333333333337,0.9666666666666668,0.0
2026-07-11,2026,7,11,5,HITEC City,70.0,Satisfactory,42.0,22.0,10.1,0.0,25.2,0.0,15.8,87.4,0.3,0.0
2026-07-11,2026,7,11,5,IDA Pashamylaram SPCB,55.0,Satisfactory,33.0,40.0,3.5,1.8,13.3,0.9,23.600000000000005,91.66666666666667,0.20000000000000004,0.0
2026-07-11,2026,7,11,5,Sanathnagar SPCB,62.0,Satisfactory,37.2,0.0,15.0,4.3,7.3,8.6,25.03333333333333,64.66666666666667,1.7,0.0
2026-07-11,2026,7,11,5,US Consulate,93.0,Satisfactory,55.8,0.0,0.0,0.0,0.0,0.0,35.0,16.0,1.8,0.0
2026-07-11,2026,7,11,5,Uppal SPCB,46.0,Good,27.6,15.0,11.4,3.0,5.3,3.7,25.0,50.0,5.0,0.0
2026-07-11,2026,7,11,5,Zoo Park SPCB,15.0,Good,9.0,6.0,2.7,0.9,8.9,7.9,28.76666666666667,75.0,1.2333333333333334,0.0
2026-07-12,2026,7,12,6,Balanagar SPCB,155.0,Moderate,76.5,72.0,20.9,1.2,8.0,0.1,33.440000000000005,24.773333333333337,0.9666666666666668,0.0
2026-07-12,2026,7,12,6,HITEC City,70.0,Satisfactory,42.0,22.0,10.1,0.0,25.2,0.0,15.8,87.4,0.3,0.0
2026-07-12,2026,7,12,6,IDA Pashamylaram SPCB,55.0,Satisfactory,33.0,40.0,3.5,1.8,13.3,0.9,23.600000000000005,91.66666666666667,0.20000000000000004,0.0
2026-07-12,2026,7,12,6,Sanathnagar SPCB,62.0,Satisfactory,37.2,0.0,15.0,4.3,7.3,8.6,25.03333333333333,64.66666666666667,1.7,0.0
2026-07-12,2026,7,12,6,US Consulate,93.0,Satisfactory,55.8,0.0,0.0,0.0,0.0,0.0,35.0,16.0,1.8,0.0
2026-07-12,2026,7,12,6,Uppal SPCB,46.0,Good,27.6,24.0,15.1,7.0,6.8,4.0,25.0,50.0,5.0,0.0
2026-07-12,2026,7,12,6,Zoo Park SPCB,15.0,Good,9.0,6.0,2.7,0.9,8.9,7.9,28.76666666666667,75.0,1.2333333333333334,0.0
2026-07-13,2026,7,13,0,Balanagar SPCB,155.0,Moderate,76.5,72.0,20.9,1.2,8.0,0.1,33.440000000000005,24.773333333333337,0.9666666666666668,0.0
2026-07-13,2026,7,13,0,HITEC City,70.0,Satisfactory,42.0,22.0,10.1,0.0,25.2,0.0,15.8,87.4,0.3,0.0
2026-07-13,2026,7,13,0,IDA Pashamylaram SPCB,55.0,Satisfactory,33.0,40.0,3.5,1.8,13.3,0.9,23.600000000000005,91.66666666666667,0.20000000000000004,0.0
2026-07-13,2026,7,13,0,Sanathnagar SPCB,62.0,Satisfactory,37.2,0.0,15.0,4.3,7.3,8.6,25.03333333333333,64.66666666666667,1.7,0.0
2026-07-13,2026,7,13,0,US Consulate,93.0,Satisfactory,55.8,0.0,0.0,0.0,0.0,0.0,35.0,16.0,1.8,0.0
2026-07-13,2026,7,13,0,Uppal SPCB,34.0,Good,20.4,14.0,11.6,4.5,11.1,3.5,25.0,50.0,5.0,0.0
2026-07-13,2026,7,13,0,Zoo Park SPCB,15.0,Good,9.0,6.0,2.7,0.9,8.9,7.9,28.76666666666667,75.0,1.2333333333333334,0.0
2026-07-14,2026,7,14,1,Balanagar SPCB,155.0,Moderate,76.5,72.0,20.9,1.2,8.0,0.1,33.440000000000005,24.773333333333337,0.9666666666666668,0.0
2026-07-14,2026,7,14,1,HITEC City,70.0,Satisfactory,42.0,22.0,10.1,0.0,25.2,0.0,15.8,87.4,0.3,0.0
2026-07-14,2026,7,14,1,IDA Pashamylaram SPCB,55.0,Satisfactory,33.0,40.0,3.5,1.8,13.3,0.9,23.600000000000005,91.66666666666667,0.20000000000000004,0.0
2026-07-14,2026,7,14,1,Sanathnagar SPCB,62.0,Satisfactory,37.2,0.0,15.0,4.3,7.3,8.6,25.03333333333333,64.66666666666667,1.7,0.0
2026-07-14,2026,7,14,1,US Consulate,93.0,Satisfactory,55.8,0.0,0.0,0.0,0.0,0.0,35.0,16.0,1.8,0.0
2026-07-14,2026,7,14,1,Uppal SPCB,17.0,Good,10.2,5.0,6.9,3.6,33.2,3.3,25.0,50.0,5.0,0.0
2026-07-14,2026,7,14,1,Zoo Park SPCB,15.0,Good,9.0,6.0,2.7,0.9,8.9,7.9,28.76666666666667,75.0,1.2333333333333334,0.0
2026-07-15,2026,7,15,2,Balanagar SPCB,155.0,Moderate,76.5,72.0,20.9,1.2,8.0,0.1,33.440000000000005,24.773333333333337,0.9666666666666668,0.0
2026-07-15,2026,7,15,2,HITEC City,70.0,Satisfactory,42.0,22.0,10.1,0.0,25.2,0.0,15.8,87.4,0.3,0.0
2026-07-15,2026,7,15,2,IDA Pashamylaram SPCB,55.0,Satisfactory,33.0,40.0,3.5,1.8,13.3,0.9,23.600000000000005,91.66666666666667,0.20000000000000004,0.0
2026-07-15,2026,7,15,2,Sanathnagar SPCB,62.0,Satisfactory,37.2,0.0,15.0,4.3,7.3,8.6,25.03333333333333,64.66666666666667,1.7,0.0
2026-07-15,2026,7,15,2,US Consulate,93.0,Satisfactory,55.8,0.0,0.0,0.0,0.0,0.0,35.0,16.0,1.8,0.0
2026-07-15,2026,7,15,2,Uppal SPCB,72.0,Satisfactory,43.2,30.0,19.2,3.3,15.8,4.3,25.0,50.0,5.0,0.0
2026-07-15,2026,7,15,2,Zoo Park SPCB,15.0,Good,9.0,6.0,2.7,0.9,8.9,7.9,28.76666666666667,75.0,1.2333333333333334,0.0
2026-07-16,2026,7,16,3,Balanagar SPCB,155.0,Moderate,76.5,72.0,20.9,1.2,8.0,0.1,33.440000000000005,24.773333333333337,0.9666666666666668,0.0
2026-07-16,2026,7,16,3,HITEC City,70.0,Satisfactory,42.0,22.0,10.1,0.0,25.2,0.0,15.8,87.4,0.3,0.0
2026-07-16,2026,7,16,3,IDA Pashamylaram SPCB,55.0,Satisfactory,33.0,40.0,3.5,1.8,13.3,0.9,23.600000000000005,91.66666666666667,0.20000000000000004,0.0
2026-07-16,2026,7,16,3,Sanathnagar SPCB,62.0,Satisfactory,37.2,0.0,15.0,4.3,7.3,8.6,25.03333333333333,64.66666666666667,1.7,0.0
2026-07-16,2026,7,16,3,US Consulate,93.0,Satisfactory,55.8,0.0,0.0,0.0,0.0,0.0,35.0,16.0,1.8,0.0
2026-07-16,2026,7,16,3,Uppal SPCB,53.0,Satisfactory,31.8,21.0,12.3,3.2,27.0,4.4,25.0,50.0,5.0,0.0
2026-07-16,2026,7,16,3,Zoo Park SPCB,15.0,Good,9.0,6.0,2.7,0.9,8.9,7.9,28.76666666666667,75.0,1.2333333333333334,0.0
2026-07-17,2026,7,17,4,Balanagar SPCB,155.0,Moderate,76.5,72.0,20.9,1.2,8.0,0.1,33.440000000000005,24.773333333333337,0.9666666666666668,0.0
2026-07-17,2026,7,17,4,HITEC City,70.0,Satisfactory,42.0,22.0,10.1,0.0,25.2,0.0,15.8,87.4,0.3,0.0
2026-07-17,2026,7,17,4,IDA Pashamylaram SPCB,55.0,Satisfactory,33.0,40.0,3.5,1.8,13.3,0.9,23.600000000000005,91.66666666666667,0.20000000000000004,0.0
2026-07-17,2026,7,17,4,Sanathnagar SPCB,62.0,Satisfactory,37.2,0.0,15.0,4.3,7.3,8.6,25.03333333333333,64.66666666666667,1.7,0.0
2026-07-17,2026,7,17,4,US Consulate,93.0,Satisfactory,55.8,0.0,0.0,0.0,0.0,0.0,35.0,16.0,1.8,0.0
2026-07-17,2026,7,17,4,Uppal SPCB,9.0,Good,5.4,4.0,6.6,2.9,37.8,3.5,25.0,50.0,5.0,0.0
2026-07-17,2026,7,17,4,Zoo Park SPCB,15.0,Good,9.0,6.0,2.7,0.9,8.9,7.9,28.76666666666667,75.0,1.2333333333333334,0.0
2026-07-18,2026,7,18,5,Balanagar SPCB,155.0,Moderate,76.5,72.0,20.9,1.2,8.0,0.1,33.440000000000005,24.773333333333337,0.9666666666666668,0.0
2026-07-18,2026,7,18,5,HITEC City,70.0,Satisfactory,42.0,22.0,10.1,0.0,25.2,0.0,15.8,87.4,0.3,0.0
2026-07-18,2026,7,18,5,IDA Pashamylaram SPCB,55.0,Satisfactory,33.0,40.0,3.5,1.8,13.3,0.9,23.600000000000005,91.66666666666667,0.20000000000000004,0.0
2026-07-18,2026,7,18,5,Sanathnagar SPCB,62.0,Satisfactory,37.2,0.0,15.0,4.3,7.3,8.6,25.03333333333333,64.66666666666667,1.7,0.0
2026-07-18,2026,7,18,5,US Consulate,93.0,Satisfactory,55.8,0.0,0.0,0.0,0.0,0.0,35.0,16.0,1.8,0.0
2026-07-18,2026,7,18,5,Uppal SPCB,30.0,Good,18.0,11.0,6.6,3.2,34.0,4.6,25.0,50.0,5.0,0.0
2026-07-18,2026,7,18,5,Zoo Park SPCB,15.0,Good,9.0,6.0,2.7,0.9,8.9,7.9,28.76666666666667,75.0,1.2333333333333334,0.0
2026-07-19,2026,7,19,6,Balanagar SPCB,155.0,Moderate,76.5,72.0,20.9,1.2,8.0,0.1,33.440000000000005,24.773333333333337,0.9666666666666668,0.0
2026-07-19,2026,7,19,6,HITEC City,70.0,Satisfactory,42.0,22.0,10.1,0.0,25.2,0.0,15.8,87.4,0.3,0.0
2026-07-19,2026,7,19,6,IDA Pashamylaram SPCB,55.0,Satisfactory,33.0,40.0,3.5,1.8,13.3,0.9,23.600000000000005,91.66666666666667,0.20000000000000004,0.0
2026-07-19,2026,7,19,6,Sanathnagar SPCB,62.0,Satisfactory,37.2,0.0,15.0,4.3,7.3,8.6,25.03333333333333,64.66666666666667,1.7,0.0
2026-07-19,2026,7,19,6,US Consulate,93.0,Satisfactory,55.8,0.0,0.0,0.0,0.0,0.0,35.0,16.0,1.8,0.0
2026-07-19,2026,7,19,6,Uppal SPCB,42.0,Good,25.2,20.0,12.0,2.8,23.2,4.5,25.0,50.0,5.0,0.0
2026-07-19,2026,7,19,6,Zoo Park SPCB,15.0,Good,9.0,6.0,2.7,0.9,8.9,7.9,28.76666666666667,75.0,1.2333333333333334,0.0
2026-07-20,2026,7,20,0,Balanagar SPCB,155.0,Moderate,76.5,72.0,20.9,1.2,8.0,0.1,33.440000000000005,24.773333333333337,0.9666666666666668,0.0
2026-07-20,2026,7,20,0,HITEC City,70.0,Satisfactory,42.0,22.0,10.1,0.0,25.2,0.0,15.8,87.4,0.3,0.0
2026-07-20,2026,7,20,0,IDA Pashamylaram SPCB,55.0,Satisfactory,33.0,40.0,3.5,1.8,13.3,0.9,23.600000000000005,91.66666666666667,0.20000000000000004,0.0
2026-07-20,2026,7,20,0,Sanathnagar SPCB,62.0,Satisfactory,37.2,0.0,15.0,4.3,7.3,8.6,25.03333333333333,64.66666666666667,1.7,0.0
2026-07-20,2026,7,20,0,US Consulate,93.0,Satisfactory,55.8,0.0,0.0,0.0,0.0,0.0,35.0,16.0,1.8,0.0
2026-07-20,2026,7,20,0,Uppal SPCB,30.0,Good,18.0,15.0,9.8,3.9,13.4,3.5,25.0,50.0,5.0,0.0
2026-07-20,2026,7,20,0,Zoo Park SPCB,15.0,Good,9.0,6.0,2.7,0.9,8.9,7.9,28.76666666666667,75.0,1.2333333333333334,0.0
2026-07-21,2026,7,21,1,Balanagar SPCB,155.0,Moderate,76.5,72.0,20.9,1.2,8.0,0.1,33.440000000000005,24.773333333333337,0.9666666666666668,0.0
2026-07-21,2026,7,21,1,HITEC City,70.0,Satisfactory,42.0,22.0,10.1,0.0,25.2,0.0,15.8,87.4,0.3,0.0
2026-07-21,2026,7,21,1,IDA Pashamylaram SPCB,55.0,Satisfactory,33.0,40.0,3.5,1.8,13.3,0.9,23.600000000000005,91.66666666666667,0.20000000000000004,0.0
2026-07-21,2026,7,21,1,Sanathnagar SPCB,62.0,Satisfactory,37.2,0.0,15.0,4.3,7.3,8.6,25.03333333333333,64.66666666666667,1.7,0.0
2026-07-21,2026,7,21,1,US Consulate,93.0,Satisfactory,55.8,0.0,0.0,0.0,0.0,0.0,35.0,16.0,1.8,0.0
2026-07-21,2026,7,21,1,Uppal SPCB,38.0,Good,22.8,10.0,9.5,2.5,20.8,3.7,25.0,50.0,5.0,0.0
2026-07-21,2026,7,21,1,Zoo Park SPCB,15.0,Good,9.0,6.0,2.7,0.9,8.9,7.9,28.76666666666667,75.0,1.2333333333333334,0.0
2026-07-22,2026,7,22,2,Balanagar SPCB,155.0,Moderate,76.5,72.0,20.9,1.2,8.0,0.1,33.440000000000005,24.773333333333337,0.9666666666666668,0.0
2026-07-22,2026,7,22,2,HITEC City,70.0,Satisfactory,42.0,22.0,10.1,0.0,25.2,0.0,15.8,87.4,0.3,0.0
2026-07-22,2026,7,22,2,IDA Pashamylaram SPCB,55.0,Satisfactory,33.0,40.0,3.5,1.8,13.3,0.9,23.600000000000005,91.66666666666667,0.20000000000000004,0.0
2026-07-22,2026,7,22,2,Sanathnagar SPCB,62.0,Satisfactory,37.2,0.0,15.0,4.3,7.3,8.6,25.03333333333333,64.66666666666667,1.7,0.0
2026-07-22,2026,7,22,2,US Consulate,93.0,Satisfactory,55.8,0.0,0.0,0.0,0.0,0.0,35.0,16.0,1.8,0.0
2026-07-22,2026,7,22,2,Uppal SPCB,59.0,Satisfactory,35.4,30.0,14.0,3.2,16.3,3.4,25.0,50.0,5.0,0.0
2026-07-22,2026,7,22,2,Zoo Park SPCB,15.0,Good,9.0,6.0,2.7,0.9,8.9,7.9,28.76666666666667,75.0,1.2333333333333334,0.0
2026-07-23,2026,7,23,3,Balanagar SPCB,155.0,Moderate,76.5,72.0,20.9,1.2,8.0,0.1,33.440000000000005,24.773333333333337,0.9666666666666668,0.0
2026-07-23,2026,7,23,3,HITEC City,70.0,Satisfactory,42.0,22.0,10.1,0.0,25.2,0.0,15.8,87.4,0.3,0.0
2026-07-23,2026,7,23,3,IDA Pashamylaram SPCB,55.0,Satisfactory,33.0,40.0,3.5,1.8,13.3,0.9,23.600000000000005,91.66666666666667,0.20000000000000004,0.0
2026-07-23,2026,7,23,3,Sanathnagar SPCB,62.0,Satisfactory,37.2,0.0,15.0,4.3,7.3,8.6,25.03333333333333,64.66666666666667,1.7,0.0
2026-07-23,2026,7,23,3,US Consulate,93.0,Satisfactory,55.8,0.0,0.0,0.0,0.0,0.0,35.0,16.0,1.8,0.0
2026-07-23,2026,7,23,3,Uppal SPCB,46.0,Good,27.6,30.0,13.4,3.8,13.6,2.6,25.0,50.0,5.0,0.0
2026-07-23,2026,7,23,3,Zoo Park SPCB,15.0,Good,9.0,6.0,2.7,0.9,8.9,7.9,28.76666666666667,75.0,1.2333333333333334,0.0
2026-07-24,2026,7,24,4,Balanagar SPCB,155.0,Moderate,76.5,72.0,20.9,1.2,8.0,0.1,33.440000000000005,24.773333333333337,0.9666666666666668,0.0
2026-07-24,2026,7,24,4,HITEC City,70.0,Satisfactory,42.0,22.0,10.1,0.0,25.2,0.0,15.8,87.4,0.3,0.0
2026-07-24,2026,7,24,4,IDA Pashamylaram SPCB,55.0,Satisfactory,33.0,40.0,3.5,1.8,13.3,0.9,23.600000000000005,91.66666666666667,0.20000000000000004,0.0
2026-07-24,2026,7,24,4,Sanathnagar SPCB,62.0,Satisfactory,37.2,0.0,15.0,4.3,7.3,8.6,25.03333333333333,64.66666666666667,1.7,0.0
2026-07-24,2026,7,24,4,US Consulate,93.0,Satisfactory,55.8,0.0,0.0,0.0,0.0,0.0,35.0,16.0,1.8,0.0
2026-07-24,2026,7,24,4,Uppal SPCB,46.0,Good,27.6,11.0,10.0,3.5,11.0,3.4,25.0,50.0,5.0,0.0
2026-07-24,2026,7,24,4,Zoo Park SPCB,15.0,Good,9.0,6.0,2.7,0.9,8.9,7.9,28.76666666666667,75.0,1.2333333333333334,0.0
2026-07-25,2026,7,25,5,Balanagar SPCB,155.0,Moderate,76.5,72.0,20.9,1.2,8.0,0.1,33.440000000000005,24.773333333333337,0.9666666666666668,0.0
2026-07-25,2026,7,25,5,HITEC City,70.0,Satisfactory,42.0,22.0,10.1,0.0,25.2,0.0,15.8,87.4,0.3,0.0
2026-07-25,2026,7,25,5,IDA Pashamylaram SPCB,55.0,Satisfactory,33.0,40.0,3.5,1.8,13.3,0.9,23.600000000000005,91.66666666666667,0.20000000000000004,0.0
2026-07-25,2026,7,25,5,Sanathnagar SPCB,62.0,Satisfactory,37.2,0.0,15.0,4.3,7.3,8.6,25.03333333333333,64.66666666666667,1.7,0.0
2026-07-25,2026,7,25,5,US Consulate,93.0,Satisfactory,55.8,0.0,0.0,0.0,0.0,0.0,35.0,16.0,1.8,0.0
2026-07-25,2026,7,25,5,Uppal SPCB,17.0,Good,10.2,9.0,9.2,3.2,13.6,3.2,25.0,50.0,5.0,0.0
2026-07-25,2026,7,25,5,Zoo Park SPCB,15.0,Good,9.0,6.0,2.7,0.9,8.9,7.9,28.76666666666667,75.0,1.2333333333333334,0.0
2026-07-26,2026,7,26,6,Balanagar SPCB,155.0,Moderate,76.5,72.0,20.9,1.2,8.0,0.1,33.440000000000005,24.773333333333337,0.9666666666666668,0.0
2026-07-26,2026,7,26,6,HITEC City,70.0,Satisfactory,42.0,22.0,10.1,0.0,25.2,0.0,15.8,87.4,0.3,0.0
2026-07-26,2026,7,26,6,IDA Pashamylaram SPCB,55.0,Satisfactory,33.0,40.0,3.5,1.8,13.3,0.9,23.600000000000005,91.66666666666667,0.20000000000000004,0.0
2026-07-26,2026,7,26,6,Sanathnagar SPCB,62.0,Satisfactory,37.2,0.0,15.0,4.3,7.3,8.6,25.03333333333333,64.66666666666667,1.7,0.0
2026-07-26,2026,7,26,6,US Consulate,93.0,Satisfactory,55.8,0.0,0.0,0.0,0.0,0.0,35.0,16.0,1.8,0.0
2026-07-26,2026,7,26,6,Uppal SPCB,17.0,Good,10.2,10.0,9.8,2.9,15.6,3.3,25.0,50.0,5.0,0.0
2026-07-26,2026,7,26,6,Zoo Park SPCB,15.0,Good,9.0,6.0,2.7,0.9,8.9,7.9,28.76666666666667,75.0,1.2333333333333334,0.0
2026-07-27,2026,7,27,0,Balanagar SPCB,155.0,Moderate,76.5,72.0,20.9,1.2,8.0,0.1,33.440000000000005,24.773333333333337,0.9666666666666668,0.0
2026-07-27,2026,7,27,0,HITEC City,70.0,Satisfactory,42.0,22.0,10.1,0.0,25.2,0.0,15.8,87.4,0.3,0.0
2026-07-27,2026,7,27,0,IDA Pashamylaram SPCB,55.0,Satisfactory,33.0,40.0,3.5,1.8,13.3,0.9,23.600000000000005,91.66666666666667,0.20000000000000004,0.0
2026-07-27,2026,7,27,0,Sanathnagar SPCB,62.0,Satisfactory,37.2,0.0,15.0,4.3,7.3,8.6,25.03333333333333,64.66666666666667,1.7,0.0
2026-07-27,2026,7,27,0,US Consulate,93.0,Satisfactory,55.8,0.0,0.0,0.0,0.0,0.0,35.0,16.0,1.8,0.0
2026-07-27,2026,7,27,0,Uppal SPCB,46.0,Good,27.6,14.0,6.2,2.6,29.6,2.8,25.0,50.0,5.0,0.0
2026-07-27,2026,7,27,0,Zoo Park SPCB,15.0,Good,9.0,6.0,2.7,0.9,8.9,7.9,28.76666666666667,75.0,1.2333333333333334,0.0
2026-07-28,2026,7,28,1,Balanagar SPCB,155.0,Moderate,76.5,72.0,20.9,1.2,8.0,0.1,33.440000000000005,24.773333333333337,0.9666666666666668,0.0
2026-07-28,2026,7,28,1,HITEC City,70.0,Satisfactory,42.0,22.0,10.1,0.0,25.2,0.0,15.8,87.4,0.3,0.0
2026-07-28,2026,7,28,1,IDA Pashamylaram SPCB,55.0,Satisfactory,33.0,40.0,3.5,1.8,13.3,0.9,23.600000000000005,91.66666666666667,0.20000000000000004,0.0
2026-07-28,2026,7,28,1,Sanathnagar SPCB,62.0,Satisfactory,37.2,0.0,15.0,4.3,7.3,8.6,25.03333333333333,64.66666666666667,1.7,0.0
2026-07-28,2026,7,28,1,US Consulate,93.0,Satisfactory,55.8,0.0,0.0,0.0,0.0,0.0,35.0,16.0,1.8,0.0
2026-07-28,2026,7,28,1,Uppal SPCB,5.0,Good,3.0,5.0,5.7,2.9,21.6,2.6,25.0,50.0,5.0,0.0
2026-07-28,2026,7,28,1,Zoo Park SPCB,15.0,Good,9.0,6.0,2.7,0.9,8.9,7.9,28.76666666666667,75.0,1.2333333333333334,0.0
2026-07-29,2026,7,29,2,Balanagar SPCB,155.0,Moderate,76.5,72.0,20.9,1.2,8.0,0.1,33.440000000000005,24.773333333333337,0.9666666666666668,0.0
2026-07-29,2026,7,29,2,HITEC City,70.0,Satisfactory,42.0,22.0,10.1,0.0,25.2,0.0,15.8,87.4,0.3,0.0
2026-07-29,2026,7,29,2,IDA Pashamylaram SPCB,55.0,Satisfactory,33.0,40.0,3.5,1.8,13.3,0.9,23.600000000000005,91.66666666666667,0.20000000000000004,0.0
2026-07-29,2026,7,29,2,Sanathnagar SPCB,62.0,Satisfactory,37.2,0.0,15.0,4.3,7.3,8.6,25.03333333333333,64.66666666666667,1.7,0.0
2026-07-29,2026,7,29,2,US Consulate,93.0,Satisfactory,55.8,0.0,0.0,0.0,0.0,0.0,35.0,16.0,1.8,0.0
2026-07-29,2026,7,29,2,Uppal SPCB,30.0,Good,18.0,7.0,7.6,2.2,18.4,2.7,25.0,50.0,5.0,0.0
2026-07-29,2026,7,29,2,Zoo Park SPCB,15.0,Good,9.0,6.0,2.7,0.9,8.9,7.9,28.76666666666667,75.0,1.2333333333333334,0.0
2026-07-30,2026,7,30,3,Balanagar SPCB,155.0,Moderate,76.5,72.0,20.9,1.2,8.0,0.1,33.440000000000005,24.773333333333337,0.9666666666666668,0.0
2026-07-30,2026,7,30,3,HITEC City,70.0,Satisfactory,42.0,22.0,10.1,0.0,25.2,0.0,15.8,87.4,0.3,0.0
2026-07-30,2026,7,30,3,IDA Pashamylaram SPCB,55.0,Satisfactory,33.0,40.0,3.5,1.8,13.3,0.9,23.600000000000005,91.66666666666667,0.20000000000000004,0.0
2026-07-30,2026,7,30,3,Sanathnagar SPCB,62.0,Satisfactory,37.2,0.0,15.0,4.3,7.3,8.6,25.03333333333333,64.66666666666667,1.7,0.0
2026-07-30,2026,7,30,3,US Consulate,93.0,Satisfactory,55.8,0.0,0.0,0.0,0.0,0.0,35.0,16.0,1.8,0.0
2026-07-30,2026,7,30,3,Uppal SPCB,25.0,Good,15.0,6.0,11.7,2.9,19.9,2.9,25.0,50.0,5.0,0.0
2026-07-30,2026,7,30,3,Zoo Park SPCB,15.0,Good,9.0,6.0,2.7,0.9,8.9,7.9,28.76666666666667,75.0,1.2333333333333334,0.0
2026-07-31,2026,7,31,4,Balanagar SPCB,155.0,Moderate,76.5,72.0,20.9,1.2,8.0,0.1,33.440000000000005,24.773333333333337,0.9666666666666668,0.0
2026-07-31,2026,7,31,4,HITEC City,70.0,Satisfactory,42.0,22.0,10.1,0.0,25.2,0.0,15.8,87.4,0.3,0.0
2026-07-31,2026,7,31,4,IDA Pashamylaram SPCB,55.0,Satisfactory,33.0,40.0,3.5,1.8,13.3,0.9,23.600000000000005,91.66666666666667,0.20000000000000004,0.0
2026-07-31,2026,7,31,4,Sanathnagar SPCB,62.0,Satisfactory,37.2,0.0,15.0,4.3,7.3,8.6,25.03333333333333,64.66666666666667,1.7,0.0
2026-07-31,2026,7,31,4,US Consulate,93.0,Satisfactory,55.8,0.0,0.0,0.0,0.0,0.0,35.0,16.0,1.8,0.0
2026-07-31,2026,7,31,4,Uppal SPCB,72.0,Satisfactory,43.2,22.0,10.8,2.6,67.0,4.9,25.0,50.0,5.0,0.0
2026-07-31,2026,7,31,4,Zoo Park SPCB,15.0,Good,9.0,6.0,2.7,0.9,8.9,7.9,28.76666666666667,75.0,1.2333333333333334,0.0
2026-08-01,2026,8,1,5,Balanagar SPCB,155.0,Moderate,76.5,72.0,20.9,1.2,8.0,0.1,33.440000000000005,24.773333333333337,0.9666666666666668,0.0
2026-08-01,2026,8,1,5,HITEC City,70.0,Satisfactory,42.0,22.0,10.1,0.0,25.2,0.0,15.8,87.4,0.3,0.0
2026-08-01,2026,8,1,5,IDA Pashamylaram SPCB,55.0,Satisfactory,33.0,40.0,3.5,1.8,13.3,0.9,23.600000000000005,91.66666666666667,0.20000000000000004,0.0
2026-08-01,2026,8,1,5,Sanathnagar SPCB,62.0,Satisfactory,37.2,0.0,15.0,4.3,7.3,8.6,25.03333333333333,64.66666666666667,1.7,0.0
2026-08-01,2026,8,1,5,US Consulate,93.0,Satisfactory,55.8,0.0,0.0,0.0,0.0,0.0,35.0,16.0,1.8,0.0
2026-08-01,2026,8,1,5,Uppal SPCB,50.0,Good,30.0,16.0,11.0,3.5,23.8,2.9,25.0,50.0,5.0,0.0
2026-08-01,2026,8,1,5,Zoo Park SPCB,15.0,Good,9.0,6.0,2.7,0.9,8.9,7.9,28.76666666666667,75.0,1.2333333333333334,0.0
2026-08-02,2026,8,2,6,Balanagar SPCB,155.0,Moderate,76.5,72.0,20.9,1.2,8.0,0.1,33.440000000000005,24.773333333333337,0.9666666666666668,0.0
2026-08-02,2026,8,2,6,HITEC City,70.0,Satisfactory,42.0,22.0,10.1,0.0,25.2,0.0,15.8,87.4,0.3,0.0
2026-08-02,2026,8,2,6,IDA Pashamylaram SPCB,55.0,Satisfactory,33.0,40.0,3.5,1.8,13.3,0.9,23.600000000000005,91.66666666666667,0.20000000000000004,0.0
2026-08-02,2026,8,2,6,Sanathnagar SPCB,62.0,Satisfactory,37.2,0.0,15.0,4.3,7.3,8.6,25.03333333333333,64.66666666666667,1.7,0.0
2026-08-02,2026,8,2,6,US Consulate,93.0,Satisfactory,55.8,0.0,0.0,0.0,0.0,0.0,35.0,16.0,1.8,0.0
2026-08-02,2026,8,2,6,Uppal SPCB,42.0,Good,25.2,13.0,16.8,3.6,7.6,3.4,25.0,50.0,5.0,0.0
2026-08-02,2026,8,2,6,Zoo Park SPCB,15.0,Good,9.0,6.0,2.7,0.9,8.9,7.9,28.76666666666667,75.0,1.2333333333333334,0.0
2026-08-03,2026,8,3,0,Balanagar SPCB,155.0,Moderate,76.5,72.0,20.9,1.2,8.0,0.1,33.440000000000005,24.773333333333337,0.9666666666666668,0.0
2026-08-03,2026,8,3,0,HITEC City,70.0,Satisfactory,42.0,22.0,10.1,0.0,25.2,0.0,15.8,87.4,0.3,0.0
2026-08-03,2026,8,3,0,IDA Pashamylaram SPCB,55.0,Satisfactory,33.0,40.0,3.5,1.8,13.3,0.9,23.600000000000005,91.66666666666667,0.20000000000000004,0.0
2026-08-03,2026,8,3,0,Sanathnagar SPCB,62.0,Satisfactory,37.2,0.0,15.0,4.3,7.3,8.6,25.03333333333333,64.66666666666667,1.7,0.0
2026-08-03,2026,8,3,0,US Consulate,93.0,Satisfactory,55.8,0.0,0.0,0.0,0.0,0.0,35.0,16.0,1.8,0.0
2026-08-03,2026,8,3,0,Uppal SPCB,53.0,Satisfactory,31.8,29.0,12.8,3.3,5.5,4.3,25.0,50.0,5.0,0.0
2026-08-03,2026,8,3,0,Zoo Park SPCB,15.0,Good,9.0,6.0,2.7,0.9,8.9,7.9,28.76666666666667,75.0,1.2333333333333334,0.0
2026-08-04,2026,8,4,1,Balanagar SPCB,155.0,Moderate,76.5,72.0,20.9,1.2,8.0,0.1,33.440000000000005,24.773333333333337,0.9666666666666668,0.0
2026-08-04,2026,8,4,1,HITEC City,70.0,Satisfactory,42.0,22.0,10.1,0.0,25.2,0.0,15.8,87.4,0.3,0.0
2026-08-04,2026,8,4,1,IDA Pashamylaram SPCB,55.0,Satisfactory,33.0,40.0,3.5,1.8,13.3,0.9,23.600000000000005,91.66666666666667,0.20000000000000004,0.0
2026-08-04,2026,8,4,1,Sanathnagar SPCB,62.0,Satisfactory,37.2,0.0,15.0,4.3,7.3,8.6,25.03333333333333,64.66666666666667,1.7,0.0
2026-08-04,2026,8,4,1,US Consulate,93.0,Satisfactory,55.8,0.0,0.0,0.0,0.0,0.0,35.0,16.0,1.8,0.0
2026-08-04,2026,8,4,1,Uppal SPCB,76.0,Satisfactory,45.6,26.0,16.8,3.8,19.3,4.8,25.0,50.0,5.0,0.0
2026-08-04,2026,8,4,1,Zoo Park SPCB,15.0,Good,9.0,6.0,2.7,0.9,8.9,7.9,28.76666666666667,75.0,1.2333333333333334,0.0
2026-08-05,2026,8,5,2,Balanagar SPCB,155.0,Moderate,76.5,72.0,20.9,1.2,8.0,0.1,33.440000000000005,24.773333333333337,0.9666666666666668,0.0
2026-08-05,2026,8,5,2,HITEC City,70.0,Satisfactory,42.0,22.0,10.1,0.0,25.2,0.0,15.8,87.4,0.3,0.0
2026-08-05,2026,8,5,2,IDA Pashamylaram SPCB,55.0,Satisfactory,33.0,40.0,3.5,1.8,13.3,0.9,23.600000000000005,91.66666666666667,0.20000000000000004,0.0
2026-08-05,2026,8,5,2,Sanathnagar SPCB,62.0,Satisfactory,37.2,0.0,15.0,4.3,7.3,8.6,25.03333333333333,64.66666666666667,1.7,0.0
2026-08-05,2026,8,5,2,US Consulate,93.0,Satisfactory,55.8,0.0,0.0,0.0,0.0,0.0,35.0,16.0,1.8,0.0
2026-08-05,2026,8,5,2,Uppal SPCB,61.0,Satisfactory,36.6,28.0,12.6,3.0,12.6,5.6,25.0,50.0,5.0,0.0
2026-08-05,2026,8,5,2,Zoo Park SPCB,15.0,Good,9.0,6.0,2.7,0.9,8.9,7.9,28.76666666666667,75.0,1.2333333333333334,0.0
2026-08-06,2026,8,6,3,Balanagar SPCB,155.0,Moderate,76.5,72.0,20.9,1.2,8.0,0.1,33.440000000000005,24.773333333333337,0.9666666666666668,0.0
2026-08-06,2026,8,6,3,HITEC City,70.0,Satisfactory,42.0,22.0,10.1,0.0,25.2,0.0,15.8,87.4,0.3,0.0
2026-08-06,2026,8,6,3,IDA Pashamylaram SPCB,55.0,Satisfactory,33.0,40.0,3.5,1.8,13.3,0.9,23.600000000000005,91.66666666666667,0.20000000000000004,0.0
2026-08-06,2026,8,6,3,Sanathnagar SPCB,62.0,Satisfactory,37.2,0.0,15.0,4.3,7.3,8.6,25.03333333333333,64.66666666666667,1.7,0.0
2026-08-06,2026,8,6,3,US Consulate,93.0,Satisfactory,55.8,0.0,0.0,0.0,0.0,0.0,35.0,16.0,1.8,0.0
2026-08-06,2026,8,6,3,Uppal SPCB,85.0,Satisfactory,51.0,33.0,13.8,3.0,14.5,6.3,25.0,50.0,5.0,0.0
2026-08-06,2026,8,6,3,Zoo Park SPCB,15.0,Good,9.0,6.0,2.7,0.9,8.9,7.9,28.76666666666667,75.0,1.2333333333333334,0.0
2026-08-07,2026,8,7,4,Balanagar SPCB,155.0,Moderate,76.5,72.0,20.9,1.2,8.0,0.1,33.440000000000005,24.773333333333337,0.9666666666666668,0.0
2026-08-07,2026,8,7,4,HITEC City,70.0,Satisfactory,42.0,22.0,10.1,0.0,25.2,0.0,15.8,87.4,0.3,0.0
2026-08-07,2026,8,7,4,IDA Pashamylaram SPCB,55.0,Satisfactory,33.0,40.0,3.5,1.8,13.3,0.9,23.600000000000005,91.66666666666667,0.20000000000000004,0.0
2026-08-07,2026,8,7,4,Sanathnagar SPCB,62.0,Satisfactory,37.2,0.0,15.0,4.3,7.3,8.6,25.03333333333333,64.66666666666667,1.7,0.0
2026-08-07,2026,8,7,4,US Consulate,93.0,Satisfactory,55.8,0.0,0.0,0.0,0.0,0.0,35.0,16.0,1.8,0.0
2026-08-07,2026,8,7,4,Uppal SPCB,46.0,Good,27.6,16.0,10.8,3.9,13.1,4.7,25.0,50.0,5.0,0.0
2026-08-07,2026,8,7,4,Zoo Park SPCB,15.0,Good,9.0,6.0,2.7,0.9,8.9,7.9,28.76666666666667,75.0,1.2333333333333334,0.0
2026-08-08,2026,8,8,5,Balanagar SPCB,155.0,Moderate,76.5,72.0,20.9,1.2,8.0,0.1,33.440000000000005,24.773333333333337,0.9666666666666668,0.0
2026-08-08,2026,8,8,5,HITEC City,70.0,Satisfactory,42.0,22.0,10.1,0.0,25.2,0.0,15.8,87.4,0.3,0.0
2026-08-08,2026,8,8,5,IDA Pashamylaram SPCB,55.0,Satisfactory,33.0,40.0,3.5,1.8,13.3,0.9,23.600000000000005,91.66666666666667,0.20000000000000004,0.0
2026-08-08,2026,8,8,5,Sanathnagar SPCB,62.0,Satisfactory,37.2,0.0,15.0,4.3,7.3,8.6,25.03333333333333,64.66666666666667,1.7,0.0
2026-08-08,2026,8,8,5,US Consulate,93.0,Satisfactory,55.8,0.0,0.0,0.0,0.0,0.0,35.0,16.0,1.8,0.0
2026-08-08,2026,8,8,5,Uppal SPCB,30.0,Good,18.0,11.0,7.1,3.5,20.6,2.8,25.0,50.0,5.0,0.0
2026-08-08,2026,8,8,5,Zoo Park SPCB,15.0,Good,9.0,6.0,2.7,0.9,8.9,7.9,28.76666666666667,75.0,1.2333333333333334,0.0
2026-08-09,2026,8,9,6,Balanagar SPCB,155.0,Moderate,76.5,72.0,20.9,1.2,8.0,0.1,33.440000000000005,24.773333333333337,0.9666666666666668,0.0
2026-08-09,2026,8,9,6,HITEC City,70.0,Satisfactory,42.0,22.0,10.1,0.0,25.2,0.0,15.8,87.4,0.3,0.0
2026-08-09,2026,8,9,6,IDA Pashamylaram SPCB,55.0,Satisfactory,33.0,40.0,3.5,1.8,13.3,0.9,23.600000000000005,91.66666666666667,0.20000000000000004,0.0
2026-08-09,2026,8,9,6,Sanathnagar SPCB,62.0,Satisfactory,37.2,0.0,15.0,4.3,7.3,8.6,25.03333333333333,64.66666666666667,1.7,0.0
2026-08-09,2026,8,9,6,US Consulate,93.0,Satisfactory,55.8,0.0,0.0,0.0,0.0,0.0,35.0,16.0,1.8,0.0
2026-08-09,2026,8,9,6,Uppal SPCB,21.0,Good,12.6,8.0,8.9,3.3,20.8,3.5,25.0,50.0,5.0,0.0
2026-08-09,2026,8,9,6,Zoo Park SPCB,15.0,Good,9.0,6.0,2.7,0.9,8.9,7.9,28.76666666666667,75.0,1.2333333333333334,0.0
2026-08-10,2026,8,10,0,Balanagar SPCB,155.0,Moderate,76.5,72.0,20.9,1.2,8.0,0.1,33.440000000000005,24.773333333333337,0.9666666666666668,0.0
2026-08-10,2026,8,10,0,HITEC City,70.0,Satisfactory,42.0,22.0,10.1,0.0,25.2,0.0,15.8,87.4,0.3,0.0
2026-08-10,2026,8,10,0,IDA Pashamylaram SPCB,55.0,Satisfactory,33.0,40.0,3.5,1.8,13.3,0.9,23.600000000000005,91.66666666666667,0.20000000000000004,0.0
2026-08-10,2026,8,10,0,Sanathnagar SPCB,62.0,Satisfactory,37.2,0.0,15.0,4.3,7.3,8.6,25.03333333333333,64.66666666666667,1.7,0.0
2026-08-10,2026,8,10,0,US Consulate,93.0,Satisfactory,55.8,0.0,0.0,0.0,0.0,0.0,35.0,16.0,1.8,0.0
2026-08-10,2026,8,10,0,Uppal SPCB,30.0,Good,18.0,10.0,7.4,3.5,25.8,3.5,25.0,50.0,5.0,0.0
2026-08-10,2026,8,10,0,Zoo Park SPCB,15.0,Good,9.0,6.0,2.7,0.9,8.9,7.9,28.76666666666667,75.0,1.2333333333333334,0.0
2026-08-11,2026,8,11,1,Balanagar SPCB,155.0,Moderate,76.5,72.0,20.9,1.2,8.0,0.1,33.440000000000005,24.773333333333337,0.9666666666666668,0.0
2026-08-11,2026,8,11,1,HITEC City,70.0,Satisfactory,42.0,22.0,10.1,0.0,25.2,0.0,15.8,87.4,0.3,0.0
2026-08-11,2026,8,11,1,IDA Pashamylaram SPCB,55.0,Satisfactory,33.0,40.0,3.5,1.8,13.3,0.9,23.600000000000005,91.66666666666667,0.20000000000000004,0.0
2026-08-11,2026,8,11,1,Sanathnagar SPCB,62.0,Satisfactory,37.2,0.0,15.0,4.3,7.3,8.6,25.03333333333333,64.66666666666667,1.7,0.0
2026-08-11,2026,8,11,1,US Consulate,93.0,Satisfactory,55.8,0.0,0.0,0.0,0.0,0.0,35.0,16.0,1.8,0.0
2026-08-11,2026,8,11,1,Uppal SPCB,25.0,Good,15.0,8.0,8.1,3.3,20.0,3.0,25.0,50.0,5.0,0.0
2026-08-11,2026,8,11,1,Zoo Park SPCB,15.0,Good,9.0,6.0,2.7,0.9,8.9,7.9,28.76666666666667,75.0,1.2333333333333334,0.0
2026-08-12,2026,8,12,2,Balanagar SPCB,155.0,Moderate,76.5,72.0,20.9,1.2,8.0,0.1,33.440000000000005,24.773333333333337,0.9666666666666668,0.0
2026-08-12,2026,8,12,2,HITEC City,70.0,Satisfactory,42.0,22.0,10.1,0.0,25.2,0.0,15.8,87.4,0.3,0.0
2026-08-12,2026,8,12,2,IDA Pashamylaram SPCB,55.0,Satisfactory,33.0,40.0,3.5,1.8,13.3,0.9,23.600000000000005,91.66666666666667,0.20000000000000004,0.0
2026-08-12,2026,8,12,2,Sanathnagar SPCB,62.0,Satisfactory,37.2,0.0,15.0,4.3,7.3,8.6,25.03333333333333,64.66666666666667,1.7,0.0
2026-08-12,2026,8,12,2,US Consulate,93.0,Satisfactory,55.8,0.0,0.0,0.0,0.0,0.0,35.0,16.0,1.8,0.0
2026-08-12,2026,8,12,2,Uppal SPCB,38.0,Good,22.8,18.0,11.7,4.5,14.9,2.8,25.0,50.0,5.0,0.0
2026-08-12,2026,8,12,2,Zoo Park SPCB,15.0,Good,9.0,6.0,2.7,0.9,8.9,7.9,28.76666666666667,75.0,1.2333333333333334,0.0
2026-08-13,2026,8,13,3,Balanagar SPCB,155.0,Moderate,76.5,72.0,20.9,1.2,8.0,0.1,33.440000000000005,24.773333333333337,0.9666666666666668,0.0
2026-08-13,2026,8,13,3,HITEC City,70.0,Satisfactory,42.0,22.0,10.1,0.0,25.2,0.0,15.8,87.4,0.3,0.0
2026-08-13,2026,8,13,3,IDA Pashamylaram SPCB,55.0,Satisfactory,33.0,40.0,3.5,1.8,13.3,0.9,23.600000000000005,91.66666666666667,0.20000000000000004,0.0
2026-08-13,2026,8,13,3,Sanathnagar SPCB,62.0,Satisfactory,37.2,0.0,15.0,4.3,7.3,8.6,25.03333333333333,64.66666666666667,1.7,0.0
2026-08-13,2026,8,13,3,US Consulate,93.0,Satisfactory,55.8,0.0,0.0,0.0,0.0,0.0,35.0,16.0,1.8,0.0
2026-08-13,2026,8,13,3,Uppal SPCB,25.0,Good,15.0,17.0,15.7,4.2,8.7,3.4,25.0,50.0,5.0,0.0
2026-08-13,2026,8,13,3,Zoo Park SPCB,15.0,Good,9.0,6.0,2.7,0.9,8.9,7.9,28.76666666666667,75.0,1.2333333333333334,0.0
2026-08-14,2026,8,14,4,Balanagar SPCB,155.0,Moderate,76.5,72.0,20.9,1.2,8.0,0.1,33.440000000000005,24.773333333333337,0.9666666666666668,0.0
2026-08-14,2026,8,14,4,HITEC City,70.0,Satisfactory,42.0,22.0,10.1,0.0,25.2,0.0,15.8,87.4,0.3,0.0
2026-08-14,2026,8,14,4,IDA Pashamylaram SPCB,55.0,Satisfactory,33.0,40.0,3.5,1.8,13.3,0.9,23.600000000000005,91.66666666666667,0.20000000000000004,0.0
2026-08-14,2026,8,14,4,Sanathnagar SPCB,62.0,Satisfactory,37.2,0.0,15.0,4.3,7.3,8.6,25.03333333333333,64.66666666666667,1.7,0.0
2026-08-14,2026,8,14,4,US Consulate,93.0,Satisfactory,55.8,0.0,0.0,0.0,0.0,0.0,35.0,16.0,1.8,0.0
2026-08-14,2026,8,14,4,Uppal SPCB,30.0,Good,18.0,11.0,17.3,2.9,7.8,3.8,25.0,50.0,5.0,0.0
2026-08-14,2026,8,14,4,Zoo Park SPCB,15.0,Good,9.0,6.0,2.7,0.9,8.9,7.9,28.76666666666667,75.0,1.2333333333333334,0.0
2026-08-15,2026,8,15,5,Balanagar SPCB,155.0,Moderate,76.5,72.0,20.9,1.2,8.0,0.1,33.440000000000005,24.773333333333337,0.9666666666666668,0.0
2026-08-15,2026,8,15,5,HITEC City,70.0,Satisfactory,42.0,22.0,10.1,0.0,25.2,0.0,15.8,87.4,0.3,0.0
2026-08-15,2026,8,15,5,IDA Pashamylaram SPCB,55.0,Satisfactory,33.0,40.0,3.5,1.8,13.3,0.9,23.600000000000005,91.66666666666667,0.20000000000000004,0.0
2026-08-15,2026,8,15,5,Sanathnagar SPCB,62.0,Satisfactory,37.2,0.0,15.0,4.3,7.3,8.6,25.03333333333333,64.66666666666667,1.7,0.0
2026-08-15,2026,8,15,5,US Consulate,93.0,Satisfactory,55.8,0.0,0.0,0.0,0.0,0.0,35.0,16.0,1.8,0.0
2026-08-15,2026,8,15,5,Uppal SPCB,38.0,Good,22.8,10.0,11.9,4.0,29.9,4.0,25.0,50.0,5.0,0.0
2026-08-15,2026,8,15,5,Zoo Park SPCB,15.0,Good,9.0,6.0,2.7,0.9,8.9,7.9,28.76666666666667,75.0,1.2333333333333334,0.0
2026-08-16,2026,8,16,6,Balanagar SPCB,155.0,Moderate,76.5,72.0,20.9,1.2,8.0,0.1,33.440000000000005,24.773333333333337,0.9666666666666668,0.0
2026-08-16,2026,8,16,6,HITEC City,70.0,Satisfactory,42.0,22.0,10.1,0.0,25.2,0.0,15.8,87.4,0.3,0.0
2026-08-16,2026,8,16,6,IDA Pashamylaram SPCB,55.0,Satisfactory,33.0,40.0,3.5,1.8,13.3,0.9,23.600000000000005,91.66666666666667,0.20000000000000004,0.0
2026-08-16,2026,8,16,6,Sanathnagar SPCB,62.0,Satisfactory,37.2,0.0,15.0,4.3,7.3,8.6,25.03333333333333,64.66666666666667,1.7,0.0
2026-08-16,2026,8,16,6,US Consulate,93.0,Satisfactory,55.8,0.0,0.0,0.0,0.0,0.0,35.0,16.0,1.8,0.0
2026-08-16,2026,8,16,6,Uppal SPCB,17.0,Good,10.2,8.0,9.5,3.0,15.9,3.7,25.0,50.0,5.0,0.0
2026-08-16,2026,8,16,6,Zoo Park SPCB,15.0,Good,9.0,6.0,2.7,0.9,8.9,7.9,28.76666666666667,75.0,1.2333333333333334,0.0
2026-08-17,2026,8,17,0,Balanagar SPCB,155.0,Moderate,76.5,72.0,20.9,1.2,8.0,0.1,33.440000000000005,24.773333333333337,0.9666666666666668,0.0
2026-08-17,2026,8,17,0,HITEC City,70.0,Satisfactory,42.0,22.0,10.1,0.0,25.2,0.0,15.8,87.4,0.3,0.0
2026-08-17,2026,8,17,0,IDA Pashamylaram SPCB,55.0,Satisfactory,33.0,40.0,3.5,1.8,13.3,0.9,23.600000000000005,91.66666666666667,0.20000000000000004,0.0
2026-08-17,2026,8,17,0,Sanathnagar SPCB,62.0,Satisfactory,37.2,0.0,15.0,4.3,7.3,8.6,25.03333333333333,64.66666666666667,1.7,0.0
2026-08-17,2026,8,17,0,US Consulate,93.0,Satisfactory,55.8,0.0,0.0,0.0,0.0,0.0,35.0,16.0,1.8,0.0
2026-08-17,2026,8,17,0,Uppal SPCB,46.0,Good,27.6,13.0,9.1,3.0,28.8,3.8,25.0,50.0,5.0,0.0
2026-08-17,2026,8,17,0,Zoo Park SPCB,15.0,Good,9.0,6.0,2.7,0.9,8.9,7.9,28.76666666666667,75.0,1.2333333333333334,0.0
2026-08-18,2026,8,18,1,Balanagar SPCB,155.0,Moderate,76.5,72.0,20.9,1.2,8.0,0.1,33.440000000000005,24.773333333333337,0.9666666666666668,0.0
2026-08-18,2026,8,18,1,HITEC City,70.0,Satisfactory,42.0,22.0,10.1,0.0,25.2,0.0,15.8,87.4,0.3,0.0
2026-08-18,2026,8,18,1,IDA Pashamylaram SPCB,55.0,Satisfactory,33.0,40.0,3.5,1.8,13.3,0.9,23.600000000000005,91.66666666666667,0.20000000000000004,0.0
2026-08-18,2026,8,18,1,Sanathnagar SPCB,62.0,Satisfactory,37.2,0.0,15.0,4.3,7.3,8.6,25.03333333333333,64.66666666666667,1.7,0.0
2026-08-18,2026,8,18,1,US Consulate,93.0,Satisfactory,55.8,0.0,0.0,0.0,0.0,0.0,35.0,16.0,1.8,0.0
2026-08-18,2026,8,18,1,Uppal SPCB,61.0,Satisfactory,36.6,20.0,19.0,3.5,15.5,3.8,25.0,50.0,5.0,0.0
2026-08-18,2026,8,18,1,Zoo Park SPCB,15.0,Good,9.0,6.0,2.7,0.9,8.9,7.9,28.76666666666667,75.0,1.2333333333333334,0.0
2026-08-19,2026,8,19,2,Balanagar SPCB,155.0,Moderate,76.5,72.0,20.9,1.2,8.0,0.1,33.440000000000005,24.773333333333337,0.9666666666666668,0.0
2026-08-19,2026,8,19,2,HITEC City,70.0,Satisfactory,42.0,22.0,10.1,0.0,25.2,0.0,15.8,87.4,0.3,0.0
2026-08-19,2026,8,19,2,IDA Pashamylaram SPCB,55.0,Satisfactory,33.0,40.0,3.5,1.8,13.3,0.9,23.600000000000005,91.66666666666667,0.20000000000000004,0.0
2026-08-19,2026,8,19,2,Sanathnagar SPCB,62.0,Satisfactory,37.2,0.0,15.0,4.3,7.3,8.6,25.03333333333333,64.66666666666667,1.7,0.0
2026-08-19,2026,8,19,2,US Consulate,93.0,Satisfactory,55.8,0.0,0.0,0.0,0.0,0.0,35.0,16.0,1.8,0.0
2026-08-19,2026,8,19,2,Uppal SPCB,76.0,Satisfactory,45.6,25.0,16.4,3.3,23.1,4.2,25.0,50.0,5.0,0.0
2026-08-19,2026,8,19,2,Zoo Park SPCB,15.0,Good,9.0,6.0,2.7,0.9,8.9,7.9,28.76666666666667,75.0,1.2333333333333334,0.0
2026-08-20,2026,8,20,3,Balanagar SPCB,155.0,Moderate,76.5,72.0,20.9,1.2,8.0,0.1,33.440000000000005,24.773333333333337,0.9666666666666668,0.0
2026-08-20,2026,8,20,3,HITEC City,70.0,Satisfactory,42.0,22.0,10.1,0.0,25.2,0.0,15.8,87.4,0.3,0.0
2026-08-20,2026,8,20,3,IDA Pashamylaram SPCB,55.0,Satisfactory,33.0,40.0,3.5,1.8,13.3,0.9,23.600000000000005,91.66666666666667,0.20000000000000004,0.0
2026-08-20,2026,8,20,3,Sanathnagar SPCB,62.0,Satisfactory,37.2,0.0,15.0,4.3,7.3,8.6,25.03333333333333,64.66666666666667,1.7,0.0
2026-08-20,2026,8,20,3,US Consulate,93.0,Satisfactory,55.8,0.0,0.0,0.0,0.0,0.0,35.0,16.0,1.8,0.0
2026-08-20,2026,8,20,3,Uppal SPCB,85.0,Satisfactory,51.0,34.0,19.6,4.0,11.3,7.5,25.0,50.0,5.0,0.0
2026-08-20,2026,8,20,3,Zoo Park SPCB,15.0,Good,9.0,6.0,2.7,0.9,8.9,7.9,28.76666666666667,75.0,1.2333333333333334,0.0
2026-08-21,2026,8,21,4,Balanagar SPCB,155.0,Moderate,76.5,72.0,20.9,1.2,8.0,0.1,33.440000000000005,24.773333333333337,0.9666666666666668,0.0
2026-08-21,2026,8,21,4,HITEC City,70.0,Satisfactory,42.0,22.0,10.1,0.0,25.2,0.0,15.8,87.4,0.3,0.0
2026-08-21,2026,8,21,4,IDA Pashamylaram SPCB,55.0,Satisfactory,33.0,40.0,3.5,1.8,13.3,0.9,23.600000000000005,91.66666666666667,0.20000000000000004,0.0
2026-08-21,2026,8,21,4,Sanathnagar SPCB,62.0,Satisfactory,37.2,0.0,15.0,4.3,7.3,8.6,25.03333333333333,64.66666666666667,1.7,0.0
2026-08-21,2026,8,21,4,US Consulate,93.0,Satisfactory,55.8,0.0,0.0,0.0,0.0,0.0,35.0,16.0,1.8,0.0
2026-08-21,2026,8,21,4,Uppal SPCB,46.0,Good,27.6,16.0,12.6,3.9,8.5,5.2,25.0,50.0,5.0,0.0
2026-08-21,2026,8,21,4,Zoo Park SPCB,15.0,Good,9.0,6.0,2.7,0.9,8.9,7.9,28.76666666666667,75.0,1.2333333333333334,0.0
2026-08-22,2026,8,22,5,Balanagar SPCB,155.0,Moderate,76.5,72.0,20.9,1.2,8.0,0.1,33.440000000000005,24.773333333333337,0.9666666666666668,0.0
2026-08-22,2026,8,22,5,HITEC City,70.0,Satisfactory,42.0,22.0,10.1,0.0,25.2,0.0,15.8,87.4,0.3,0.0
2026-08-22,2026,8,22,5,IDA Pashamylaram SPCB,55.0,Satisfactory,33.0,40.0,3.5,1.8,13.3,0.9,23.600000000000005,91.66666666666667,0.20000000000000004,0.0
2026-08-22,2026,8,22,5,Sanathnagar SPCB,62.0,Satisfactory,37.2,0.0,15.0,4.3,7.3,8.6,25.03333333333333,64.66666666666667,1.7,0.0
2026-08-22,2026,8,22,5,US Consulate,93.0,Satisfactory,55.8,0.0,0.0,0.0,0.0,0.0,35.0,16.0,1.8,0.0
2026-08-22,2026,8,22,5,Uppal SPCB,13.0,Good,7.8,9.0,11.7,2.5,5.4,4.8,25.0,50.0,5.0,0.0
2026-08-22,2026,8,22,5,Zoo Park SPCB,15.0,Good,9.0,6.0,2.7,0.9,8.9,7.9,28.76666666666667,75.0,1.2333333333333334,0.0
2026-08-23,2026,8,23,6,Balanagar SPCB,155.0,Moderate,76.5,72.0,20.9,1.2,8.0,0.1,33.440000000000005,24.773333333333337,0.9666666666666668,0.0
2026-08-23,2026,8,23,6,HITEC City,70.0,Satisfactory,42.0,22.0,10.1,0.0,25.2,0.0,15.8,87.4,0.3,0.0
2026-08-23,2026,8,23,6,IDA Pashamylaram SPCB,55.0,Satisfactory,33.0,40.0,3.5,1.8,13.3,0.9,23.600000000000005,91.66666666666667,0.20000000000000004,0.0
2026-08-23,2026,8,23,6,Sanathnagar SPCB,62.0,Satisfactory,37.2,0.0,15.0,4.3,7.3,8.6,25.03333333333333,64.66666666666667,1.7,0.0
2026-08-23,2026,8,23,6,US Consulate,93.0,Satisfactory,55.8,0.0,0.0,0.0,0.0,0.0,35.0,16.0,1.8,0.0
2026-08-23,2026,8,23,6,Uppal SPCB,17.0,Good,10.2,7.0,14.4,2.9,2.0,3.5,25.0,50.0,5.0,0.0
2026-08-23,2026,8,23,6,Zoo Park SPCB,15.0,Good,9.0,6.0,2.7,0.9,8.9,7.9,28.76666666666667,75.0,1.2333333333333334,0.0
2026-08-24,2026,8,24,0,Balanagar SPCB,155.0,Moderate,76.5,72.0,20.9,1.2,8.0,0.1,33.440000000000005,24.773333333333337,0.9666666666666668,0.0
2026-08-24,2026,8,24,0,HITEC City,70.0,Satisfactory,42.0,22.0,10.1,0.0,25.2,0.0,15.8,87.4,0.3,0.0
2026-08-24,2026,8,24,0,IDA Pashamylaram SPCB,55.0,Satisfactory,33.0,40.0,3.5,1.8,13.3,0.9,23.600000000000005,91.66666666666667,0.20000000000000004,0.0
2026-08-24,2026,8,24,0,Sanathnagar SPCB,62.0,Satisfactory,37.2,0.0,15.0,4.3,7.3,8.6,25.03333333333333,64.66666666666667,1.7,0.0
2026-08-24,2026,8,24,0,US Consulate,93.0,Satisfactory,55.8,0.0,0.0,0.0,0.0,0.0,35.0,16.0,1.8,0.0
2026-08-24,2026,8,24,0,Uppal SPCB,34.0,Good,20.4,10.0,12.2,3.2,11.7,3.4,25.0,50.0,5.0,0.0
2026-08-24,2026,8,24,0,Zoo Park SPCB,15.0,Good,9.0,6.0,2.7,0.9,8.9,7.9,28.76666666666667,75.0,1.2333333333333334,0.0
2026-08-25,2026,8,25,1,Balanagar SPCB,155.0,Moderate,76.5,72.0,20.9,1.2,8.0,0.1,33.440000000000005,24.773333333333337,0.9666666666666668,0.0
2026-08-25,2026,8,25,1,HITEC City,70.0,Satisfactory,42.0,22.0,10.1,0.0,25.2,0.0,15.8,87.4,0.3,0.0
2026-08-25,2026,8,25,1,IDA Pashamylaram SPCB,55.0,Satisfactory,33.0,40.0,3.5,1.8,13.3,0.9,23.600000000000005,91.66666666666667,0.20000000000000004,0.0
2026-08-25,2026,8,25,1,Sanathnagar SPCB,62.0,Satisfactory,37.2,0.0,15.0,4.3,7.3,8.6,25.03333333333333,64.66666666666667,1.7,0.0
2026-08-25,2026,8,25,1,US Consulate,93.0,Satisfactory,55.8,0.0,0.0,0.0,0.0,0.0,35.0,16.0,1.8,0.0
2026-08-25,2026,8,25,1,Uppal SPCB,9.0,Good,5.4,10.0,12.5,3.5,6.2,2.8,25.0,50.0,5.0,0.0
2026-08-25,2026,8,25,1,Zoo Park SPCB,15.0,Good,9.0,6.0,2.7,0.9,8.9,7.9,28.76666666666667,75.0,1.2333333333333334,0.0
2026-08-26,2026,8,26,2,Balanagar SPCB,155.0,Moderate,76.5,72.0,20.9,1.2,8.0,0.1,33.440000000000005,24.773333333333337,0.9666666666666668,0.0
2026-08-26,2026,8,26,2,HITEC City,70.0,Satisfactory,42.0,22.0,10.1,0.0,25.2,0.0,15.8,87.4,0.3,0.0
2026-08-26,2026,8,26,2,IDA Pashamylaram SPCB,55.0,Satisfactory,33.0,40.0,3.5,1.8,13.3,0.9,23.600000000000005,91.66666666666667,0.20000000000000004,0.0
2026-08-26,2026,8,26,2,Sanathnagar SPCB,62.0,Satisfactory,37.2,0.0,15.0,4.3,7.3,8.6,25.03333333333333,64.66666666666667,1.7,0.0
2026-08-26,2026,8,26,2,US Consulate,93.0,Satisfactory,55.8,0.0,0.0,0.0,0.0,0.0,35.0,16.0,1.8,0.0
2026-08-26,2026,8,26,2,Uppal SPCB,21.0,Good,12.6,13.0,18.6,3.2,3.1,4.0,25.0,50.0,5.0,0.0
2026-08-26,2026,8,26,2,Zoo Park SPCB,15.0,Good,9.0,6.0,2.7,0.9,8.9,7.9,28.76666666666667,75.0,1.2333333333333334,0.0
2026-08-27,2026,8,27,3,Balanagar SPCB,155.0,Moderate,76.5,72.0,20.9,1.2,8.0,0.1,33.440000000000005,24.773333333333337,0.9666666666666668,0.0
2026-08-27,2026,8,27,3,HITEC City,70.0,Satisfactory,42.0,22.0,10.1,0.0,25.2,0.0,15.8,87.4,0.3,0.0
2026-08-27,2026,8,27,3,IDA Pashamylaram SPCB,55.0,Satisfactory,33.0,40.0,3.5,1.8,13.3,0.9,23.600000000000005,91.66666666666667,0.20000000000000004,0.0
2026-08-27,2026,8,27,3,Sanathnagar SPCB,62.0,Satisfactory,37.2,0.0,15.0,4.3,7.3,8.6,25.03333333333333,64.66666666666667,1.7,0.0
2026-08-27,2026,8,27,3,US Consulate,93.0,Satisfactory,55.8,0.0,0.0,0.0,0.0,0.0,35.0,16.0,1.8,0.0
2026-08-27,2026,8,27,3,Uppal SPCB,42.0,Good,25.2,22.0,14.6,4.6,6.4,3.3,25.0,50.0,5.0,0.0
2026-08-27,2026,8,27,3,Zoo Park SPCB,15.0,Good,9.0,6.0,2.7,0.9,8.9,7.9,28.76666666666667,75.0,1.2333333333333334,0.0
2026-08-28,2026,8,28,4,Balanagar SPCB,155.0,Moderate,76.5,72.0,20.9,1.2,8.0,0.1,33.440000000000005,24.773333333333337,0.9666666666666668,0.0
2026-08-28,2026,8,28,4,HITEC City,70.0,Satisfactory,42.0,22.0,10.1,0.0,25.2,0.0,15.8,87.4,0.3,0.0
2026-08-28,2026,8,28,4,IDA Pashamylaram SPCB,55.0,Satisfactory,33.0,40.0,3.5,1.8,13.3,0.9,23.600000000000005,91.66666666666667,0.20000000000000004,0.0
2026-08-28,2026,8,28,4,Sanathnagar SPCB,62.0,Satisfactory,37.2,0.0,15.0,4.3,7.3,8.6,25.03333333333333,64.66666666666667,1.7,0.0
2026-08-28,2026,8,28,4,US Consulate,93.0,Satisfactory,55.8,0.0,0.0,0.0,0.0,0.0,35.0,16.0,1.8,0.0
2026-08-28,2026,8,28,4,Uppal SPCB,38.0,Good,22.8,9.0,13.0,6.0,11.6,4.0,25.0,50.0,5.0,0.0
2026-08-28,2026,8,28,4,Zoo Park SPCB,15.0,Good,9.0,6.0,2.7,0.9,8.9,7.9,28.76666666666667,75.0,1.2333333333333334,0.0
2026-08-29,2026,8,29,5,Balanagar SPCB,155.0,Moderate,76.5,72.0,20.9,1.2,8.0,0.1,33.440000000000005,24.773333333333337,0.9666666666666668,0.0
2026-08-29,2026,8,29,5,HITEC City,70.0,Satisfactory,42.0,22.0,10.1,0.0,25.2,0.0,15.8,87.4,0.3,0.0
2026-08-29,2026,8,29,5,IDA Pashamylaram SPCB,55.0,Satisfactory,33.0,40.0,3.5,1.8,13.3,0.9,23.600000000000005,91.66666666666667,0.20000000000000004,0.0
2026-08-29,2026,8,29,5,Sanathnagar SPCB,62.0,Satisfactory,37.2,0.0,15.0,4.3,7.3,8.6,25.03333333333333,64.66666666666667,1.7,0.0
2026-08-29,2026,8,29,5,US Consulate,93.0,Satisfactory,55.8,0.0,0.0,0.0,0.0,0.0,35.0,16.0,1.8,0.0
2026-08-29,2026,8,29,5,Uppal SPCB,25.0,Good,15.0,11.0,6.4,3.3,14.8,4.4,25.0,50.0,5.0,0.0
2026-08-29,2026,8,29,5,Zoo Park SPCB,15.0,Good,9.0,6.0,2.7,0.9,8.9,7.9,28.76666666666667,75.0,1.2333333333333334,0.0
2026-08-30,2026,8,30,6,Balanagar SPCB,155.0,Moderate,76.5,72.0,20.9,1.2,8.0,0.1,33.440000000000005,24.773333333333337,0.9666666666666668,0.0
2026-08-30,2026,8,30,6,HITEC City,70.0,Satisfactory,42.0,22.0,10.1,0.0,25.2,0.0,15.8,87.4,0.3,0.0
2026-08-30,2026,8,30,6,IDA Pashamylaram SPCB,55.0,Satisfactory,33.0,40.0,3.5,1.8,13.3,0.9,23.600000000000005,91.66666666666667,0.20000000000000004,0.0
2026-08-30,2026,8,30,6,Sanathnagar SPCB,62.0,Satisfactory,37.2,0.0,15.0,4.3,7.3,8.6,25.03333333333333,64.66666666666667,1.7,0.0
2026-08-30,2026,8,30,6,US Consulate,93.0,Satisfactory,55.8,0.0,0.0,0.0,0.0,0.0,35.0,16.0,1.8,0.0
2026-08-30,2026,8,30,6,Uppal SPCB,34.0,Good,20.4,7.0,13.4,4.2,14.0,4.3,25.0,50.0,5.0,0.0
2026-08-30,2026,8,30,6,Zoo Park SPCB,15.0,Good,9.0,6.0,2.7,0.9,8.9,7.9,28.76666666666667,75.0,1.2333333333333334,0.0
2026-08-31,2026,8,31,0,Balanagar SPCB,155.0,Moderate,76.5,72.0,20.9,1.2,8.0,0.1,33.440000000000005,24.773333333333337,0.9666666666666668,0.0
2026-08-31,2026,8,31,0,HITEC City,70.0,Satisfactory,42.0,22.0,10.1,0.0,25.2,0.0,15.8,87.4,0.3,0.0
2026-08-31,2026,8,31,0,IDA Pashamylaram SPCB,55.0,Satisfactory,33.0,40.0,3.5,1.8,13.3,0.9,23.600000000000005,91.66666666666667,0.20000000000000004,0.0
2026-08-31,2026,8,31,0,Sanathnagar SPCB,62.0,Satisfactory,37.2,0.0,15.0,4.3,7.3,8.6,25.03333333333333,64.66666666666667,1.7,0.0
2026-08-31,2026,8,31,0,US Consulate,93.0,Satisfactory,55.8,0.0,0.0,0.0,0.0,0.0,35.0,16.0,1.8,0.0
2026-08-31,2026,8,31,0,Uppal SPCB,5.0,Good,3.0,4.0,10.2,2.5,13.2,2.9,25.0,50.0,5.0,0.0
2026-08-31,2026,8,31,0,Zoo Park SPCB,15.0,Good,9.0,6.0,2.7,0.9,8.9,7.9,28.76666666666667,75.0,1.2333333333333334,0.0
2026-09-01,2026,9,1,1,Balanagar SPCB,155.0,Moderate,76.5,72.0,20.9,1.2,8.0,0.1,33.440000000000005,24.773333333333337,0.9666666666666668,0.0
2026-09-01,2026,9,1,1,HITEC City,70.0,Satisfactory,42.0,22.0,10.1,0.0,25.2,0.0,15.8,87.4,0.3,0.0
2026-09-01,2026,9,1,1,IDA Pashamylaram SPCB,55.0,Satisfactory,33.0,40.0,3.5,1.8,13.3,0.9,23.600000000000005,91.66666666666667,0.20000000000000004,0.0
2026-09-01,2026,9,1,1,Sanathnagar SPCB,62.0,Satisfactory,37.2,0.0,15.0,4.3,7.3,8.6,25.03333333333333,64.66666666666667,1.7,0.0
2026-09-01,2026,9,1,1,US Consulate,93.0,Satisfactory,55.8,0.0,0.0,0.0,0.0,0.0,35.0,16.0,1.8,0.0
2026-09-01,2026,9,1,1,Uppal SPCB,34.0,Good,20.4,21.0,16.2,3.9,3.7,3.7,25.0,50.0,5.0,0.0
2026-09-01,2026,9,1,1,Zoo Park SPCB,15.0,Good,9.0,6.0,2.7,0.9,8.9,7.9,28.76666666666667,75.0,1.2333333333333334,0.0
2026-09-02,2026,9,2,2,Balanagar SPCB,155.0,Moderate,76.5,72.0,20.9,1.2,8.0,0.1,33.440000000000005,24.773333333333337,0.9666666666666668,0.0
2026-09-02,2026,9,2,2,HITEC City,70.0,Satisfactory,42.0,22.0,10.1,0.0,25.2,0.0,15.8,87.4,0.3,0.0
2026-09-02,2026,9,2,2,IDA Pashamylaram SPCB,55.0,Satisfactory,33.0,40.0,3.5,1.8,13.3,0.9,23.600000000000005,91.66666666666667,0.20000000000000004,0.0
2026-09-02,2026,9,2,2,Sanathnagar SPCB,62.0,Satisfactory,37.2,0.0,15.0,4.3,7.3,8.6,25.03333333333333,64.66666666666667,1.7,0.0
2026-09-02,2026,9,2,2,US Consulate,93.0,Satisfactory,55.8,0.0,0.0,0.0,0.0,0.0,35.0,16.0,1.8,0.0
2026-09-02,2026,9,2,2,Uppal SPCB,61.0,Satisfactory,36.6,29.0,10.2,3.8,8.0,5.2,25.0,50.0,5.0,0.0
2026-09-02,2026,9,2,2,Zoo Park SPCB,15.0,Good,9.0,6.0,2.7,0.9,8.9,7.9,28.76666666666667,75.0,1.2333333333333334,0.0
2026-09-03,2026,9,3,3,Balanagar SPCB,155.0,Moderate,76.5,72.0,20.9,1.2,8.0,0.1,33.440000000000005,24.773333333333337,0.9666666666666668,0.0
2026-09-03,2026,9,3,3,HITEC City,70.0,Satisfactory,42.0,22.0,10.1,0.0,25.2,0.0,15.8,87.4,0.3,0.0
2026-09-03,2026,9,3,3,IDA Pashamylaram SPCB,55.0,Satisfactory,33.0,40.0,3.5,1.8,13.3,0.9,23.600000000000005,91.66666666666667,0.20000000000000004,0.0
2026-09-03,2026,9,3,3,Sanathnagar SPCB,62.0,Satisfactory,37.2,0.0,15.0,4.3,7.3,8.6,25.03333333333333,64.66666666666667,1.7,0.0
2026-09-03,2026,9,3,3,US Consulate,93.0,Satisfactory,55.8,0.0,0.0,0.0,0.0,0.0,35.0,16.0,1.8,0.0
2026-09-03,2026,9,3,3,Uppal SPCB,42.0,Good,25.2,18.0,10.4,5.2,11.0,4.3,25.0,50.0,5.0,0.0
2026-09-03,2026,9,3,3,Zoo Park SPCB,15.0,Good,9.0,6.0,2.7,0.9,8.9,7.9,28.76666666666667,75.0,1.2333333333333334,0.0
2026-09-04,2026,9,4,4,Balanagar SPCB,155.0,Moderate,76.5,72.0,20.9,1.2,8.0,0.1,33.440000000000005,24.773333333333337,0.9666666666666668,0.0
2026-09-04,2026,9,4,4,HITEC City,70.0,Satisfactory,42.0,22.0,10.1,0.0,25.2,0.0,15.8,87.4,0.3,0.0
2026-09-04,2026,9,4,4,IDA Pashamylaram SPCB,55.0,Satisfactory,33.0,40.0,3.5,1.8,13.3,0.9,23.600000000000005,91.66666666666667,0.20000000000000004,0.0
2026-09-04,2026,9,4,4,Sanathnagar SPCB,62.0,Satisfactory,37.2,0.0,15.0,4.3,7.3,8.6,25.03333333333333,64.66666666666667,1.7,0.0
2026-09-04,2026,9,4,4,US Consulate,93.0,Satisfactory,55.8,0.0,0.0,0.0,0.0,0.0,35.0,16.0,1.8,0.0
2026-09-04,2026,9,4,4,Uppal SPCB,21.0,Good,12.6,7.0,8.2,3.2,21.6,3.5,25.0,50.0,5.0,0.0
2026-09-04,2026,9,4,4,Zoo Park SPCB,15.0,Good,9.0,6.0,2.7,0.9,8.9,7.9,28.76666666666667,75.0,1.2333333333333334,0.0
2026-09-05,2026,9,5,5,Balanagar SPCB,155.0,Moderate,76.5,72.0,20.9,1.2,8.0,0.1,33.440000000000005,24.773333333333337,0.9666666666666668,0.0
2026-09-05,2026,9,5,5,HITEC City,70.0,Satisfactory,42.0,22.0,10.1,0.0,25.2,0.0,15.8,87.4,0.3,0.0
2026-09-05,2026,9,5,5,IDA Pashamylaram SPCB,55.0,Satisfactory,33.0,40.0,3.5,1.8,13.3,0.9,23.600000000000005,91.66666666666667,0.20000000000000004,0.0
2026-09-05,2026,9,5,5,Sanathnagar SPCB,62.0,Satisfactory,37.2,0.0,15.0,4.3,7.3,8.6,25.03333333333333,64.66666666666667,1.7,0.0
2026-09-05,2026,9,5,5,US Consulate,93.0,Satisfactory,55.8,0.0,0.0,0.0,0.0,0.0,35.0,16.0,1.8,0.0
2026-09-05,2026,9,5,5,Uppal SPCB,13.0,Good,7.8,8.0,6.8,3.3,24.9,3.5,25.0,50.0,5.0,0.0
2026-09-05,2026,9,5,5,Zoo Park SPCB,15.0,Good,9.0,6.0,2.7,0.9,8.9,7.9,28.76666666666667,75.0,1.2333333333333334,0.0
2026-09-06,2026,9,6,6,Balanagar SPCB,155.0,Moderate,76.5,72.0,20.9,1.2,8.0,0.1,33.440000000000005,24.773333333333337,0.9666666666666668,0.0
2026-09-06,2026,9,6,6,HITEC City,70.0,Satisfactory,42.0,22.0,10.1,0.0,25.2,0.0,15.8,87.4,0.3,0.0
2026-09-06,2026,9,6,6,IDA Pashamylaram SPCB,55.0,Satisfactory,33.0,40.0,3.5,1.8,13.3,0.9,23.600000000000005,91.66666666666667,0.20000000000000004,0.0
2026-09-06,2026,9,6,6,Sanathnagar SPCB,62.0,Satisfactory,37.2,0.0,15.0,4.3,7.3,8.6,25.03333333333333,64.66666666666667,1.7,0.0
2026-09-06,2026,9,6,6,US Consulate,93.0,Satisfactory,55.8,0.0,0.0,0.0,0.0,0.0,35.0,16.0,1.8,0.0
2026-09-06,2026,9,6,6,Uppal SPCB,21.0,Good,12.6,14.0,13.1,3.8,16.8,3.6,25.0,50.0,5.0,0.0
2026-09-06,2026,9,6,6,Zoo Park SPCB,15.0,Good,9.0,6.0,2.7,0.9,8.9,7.9,28.76666666666667,75.0,1.2333333333333334,0.0
2026-09-07,2026,9,7,0,Balanagar SPCB,155.0,Moderate,76.5,72.0,20.9,1.2,8.0,0.1,33.440000000000005,24.773333333333337,0.9666666666666668,0.0
2026-09-07,2026,9,7,0,HITEC City,70.0,Satisfactory,42.0,22.0,10.1,0.0,25.2,0.0,15.8,87.4,0.3,0.0
2026-09-07,2026,9,7,0,IDA Pashamylaram SPCB,55.0,Satisfactory,33.0,40.0,3.5,1.8,13.3,0.9,23.600000000000005,91.66666666666667,0.20000000000000004,0.0
2026-09-07,2026,9,7,0,Sanathnagar SPCB,62.0,Satisfactory,37.2,0.0,15.0,4.3,7.3,8.6,25.03333333333333,64.66666666666667,1.7,0.0
2026-09-07,2026,9,7,0,US Consulate,93.0,Satisfactory,55.8,0.0,0.0,0.0,0.0,0.0,35.0,16.0,1.8,0.0
2026-09-07,2026,9,7,0,Uppal SPCB,53.0,Satisfactory,31.8,17.0,21.9,3.9,4.0,3.6,25.0,50.0,5.0,0.0
2026-09-07,2026,9,7,0,Zoo Park SPCB,15.0,Good,9.0,6.0,2.7,0.9,8.9,7.9,28.76666666666667,75.0,1.2333333333333334,0.0
2026-09-08,2026,9,8,1,Balanagar SPCB,155.0,Moderate,76.5,72.0,20.9,1.2,8.0,0.1,33.440000000000005,24.773333333333337,0.9666666666666668,0.0
2026-09-08,2026,9,8,1,HITEC City,70.0,Satisfactory,42.0,22.0,10.1,0.0,25.2,0.0,15.8,87.4,0.3,0.0
2026-09-08,2026,9,8,1,IDA Pashamylaram SPCB,55.0,Satisfactory,33.0,40.0,3.5,1.8,13.3,0.9,23.600000000000005,91.66666666666667,0.20000000000000004,0.0
2026-09-08,2026,9,8,1,Sanathnagar SPCB,62.0,Satisfactory,37.2,0.0,15.0,4.3,7.3,8.6,25.03333333333333,64.66666666666667,1.7,0.0
2026-09-08,2026,9,8,1,US Consulate,93.0,Satisfactory,55.8,0.0,0.0,0.0,0.0,0.0,35.0,16.0,1.8,0.0
2026-09-08,2026,9,8,1,Uppal SPCB,5.0,Good,3.0,2.0,6.5,2.9,25.7,4.7,25.0,50.0,5.0,0.0
2026-09-08,2026,9,8,1,Zoo Park SPCB,15.0,Good,9.0,6.0,2.7,0.9,8.9,7.9,28.76666666666667,75.0,1.2333333333333334,0.0
